Windenergieeinspeisung;;;;
2006 April;;;;
;;;;
Datum;Position;prognostiziert [MW];tatsächlich [MW];Anteil Offshore [MW];
2006-04-01;1;1442;1541;0;;
;2;1442;1588;0;;
;3;1442;1570;0;;
;4;1442;1572;0;;
;5;1394;1574;0;;
;6;1394;1610;0;;
;7;1394;1691;0;;
;8;1394;1686;0;;
;9;1403;1754;0;;
;10;1403;1696;0;;
;11;1403;1735;0;;
;12;1403;1763;0;;
;13;1414;1778;0;;
;14;1414;1718;0;;
;15;1414;1665;0;;
;16;1414;1710;0;;
;17;1446;1674;0;;
;18;1446;1661;0;;
;19;1446;1679;0;;
;20;1446;1590;0;;
;21;1498;1588;0;;
;22;1498;1583;0;;
;23;1498;1577;0;;
;24;1498;1561;0;;
;25;1463;1597;0;;
;26;1463;1576;0;;
;27;1463;1565;0;;
;28;1463;1562;0;;
;29;1533;1549;0;;
;30;1533;1555;0;;
;31;1533;1559;0;;
;32;1533;1556;0;;
;33;1585;1539;0;;
;34;1585;1592;0;;
;35;1585;1626;0;;
;36;1585;1630;0;;
;37;1776;1626;0;;
;38;1776;1643;0;;
;39;1776;1595;0;;
;40;1776;1650;0;;
;41;2070;1755;0;;
;42;2070;1808;0;;
;43;2070;1915;0;;
;44;2070;1992;0;;
;45;2481;2112;0;;
;46;2481;2207;0;;
;47;2481;2198;0;;
;48;2481;2325;0;;
;49;2732;2380;0;;
;50;2732;2489;0;;
;51;2732;2563;0;;
;52;2732;2469;0;;
;53;2938;2587;0;;
;54;2938;2631;0;;
;55;2938;2694;0;;
;56;2938;2669;0;;
;57;3174;2894;0;;
;58;3174;2921;0;;
;59;3174;3009;0;;
;60;3174;3004;0;;
;61;3255;2918;0;;
;62;3255;2897;0;;
;63;3255;3007;0;;
;64;3255;3022;0;;
;65;3134;3000;0;;
;66;3134;2934;0;;
;67;3134;2980;0;;
;68;3134;2961;0;;
;69;2889;2903;0;;
;70;2889;2936;0;;
;71;2889;2900;0;;
;72;2889;2888;0;;
;73;2600;2882;0;;
;74;2600;2750;0;;
;75;2600;2692;0;;
;76;2600;2675;0;;
;77;2258;2612;0;;
;78;2258;2477;0;;
;79;2258;2494;0;;
;80;2258;2503;0;;
;81;1997;2594;0;;
;82;1997;2537;0;;
;83;1997;2489;0;;
;84;1997;2447;0;;
;85;1781;2243;0;;
;86;1781;2192;0;;
;87;1781;2314;0;;
;88;1781;2240;0;;
;89;1665;2182;0;;
;90;1665;2053;0;;
;91;1665;1968;0;;
;92;1665;1993;0;;
;93;1556;1950;0;;
;94;1556;1853;0;;
;95;1556;1787;0;;
;96;1556;1779;0;;
2006-04-02;1;1495;1732;0;;
;2;1495;1737;0;;
;3;1495;1805;0;;
;4;1495;1819;0;;
;5;1471;1766;0;;
;6;1471;1706;0;;
;7;1471;1733;0;;
;8;1471;1780;0;;
;9;1457;1824;0;;
;10;1457;1922;0;;
;11;1457;2007;0;;
;12;1457;2072;0;;
;13;1448;2090;0;;
;14;1448;2162;0;;
;15;1448;2234;0;;
;16;1448;2268;0;;
;17;1412;2307;0;;
;18;1412;2300;0;;
;19;1412;2316;0;;
;20;1412;2403;0;;
;21;1481;2393;0;;
;22;1481;2338;0;;
;23;1481;2327;0;;
;24;1481;2316;0;;
;25;1556;2280;0;;
;26;1556;2288;0;;
;27;1556;2245;0;;
;28;1556;2242;0;;
;29;1694;2266;0;;
;30;1694;2190;0;;
;31;1694;2135;0;;
;32;1694;2073;0;;
;33;1743;2025;0;;
;34;1743;1847;0;;
;35;1743;1739;0;;
;36;1743;1703;0;;
;37;1905;1649;0;;
;38;1905;1484;0;;
;39;1905;1389;0;;
;40;1905;1297;0;;
;41;2149;1249;0;;
;42;2149;1300;0;;
;43;2149;1281;0;;
;44;2149;1247;0;;
;45;2521;1342;0;;
;46;2521;1415;0;;
;47;2521;1472;0;;
;48;2521;1598;0;;
;49;2835;1807;0;;
;50;2835;1849;0;;
;51;2835;1996;0;;
;52;2835;2090;0;;
;53;3012;2069;0;;
;54;3012;2075;0;;
;55;3012;2167;0;;
;56;3012;2251;0;;
;57;2924;2299;0;;
;58;2924;2245;0;;
;59;2924;2261;0;;
;60;2924;2255;0;;
;61;3014;2200;0;;
;62;3014;2146;0;;
;63;3014;2378;0;;
;64;3014;2409;0;;
;65;2830;2438;0;;
;66;2830;2532;0;;
;67;2830;2592;0;;
;68;2830;2571;0;;
;69;2467;2614;0;;
;70;2467;2827;0;;
;71;2467;2838;0;;
;72;2467;2824;0;;
;73;2170;2813;0;;
;74;2170;2862;0;;
;75;2170;2822;0;;
;76;2170;2786;0;;
;77;1776;2602;0;;
;78;1776;2494;0;;
;79;1776;2451;0;;
;80;1776;2308;0;;
;81;1519;1966;0;;
;82;1519;1657;0;;
;83;1519;1494;0;;
;84;1519;1309;0;;
;85;1302;1222;0;;
;86;1302;1107;0;;
;87;1302;1070;0;;
;88;1302;1142;0;;
;89;1122;1155;0;;
;90;1122;1076;0;;
;91;1122;1129;0;;
;92;1122;1176;0;;
;93;1130;1305;0;;
;94;1130;1363;0;;
;95;1130;1452;0;;
;96;1130;1574;0;;
2006-04-03;1;1185;1686;0;;
;2;1185;1704;0;;
;3;1185;1924;0;;
;4;1185;1888;0;;
;5;1386;1911;0;;
;6;1386;2101;0;;
;7;1386;2219;0;;
;8;1386;2299;0;;
;9;1576;2329;0;;
;10;1576;2355;0;;
;11;1576;2345;0;;
;12;1576;2444;0;;
;13;1825;2415;0;;
;14;1825;2392;0;;
;15;1825;2452;0;;
;16;1825;2532;0;;
;17;1962;2519;0;;
;18;1962;2374;0;;
;19;1962;2191;0;;
;20;1962;2194;0;;
;21;2160;2179;0;;
;22;2160;2128;0;;
;23;2160;2152;0;;
;24;2160;2118;0;;
;25;2278;2065;0;;
;26;2278;1972;0;;
;27;2278;1995;0;;
;28;2278;1930;0;;
;29;2440;1898;0;;
;30;2440;1945;0;;
;31;2440;1974;0;;
;32;2440;1870;0;;
;33;2698;1731;0;;
;34;2698;1736;0;;
;35;2698;1760;0;;
;36;2698;1910;0;;
;37;2896;1947;0;;
;38;2896;2090;0;;
;39;2896;2241;0;;
;40;2896;2422;0;;
;41;3228;2657;0;;
;42;3228;2873;0;;
;43;3228;2973;0;;
;44;3228;3138;0;;
;45;3562;3230;0;;
;46;3562;3339;0;;
;47;3562;3415;0;;
;48;3562;3334;0;;
;49;3697;3425;0;;
;50;3697;3596;0;;
;51;3697;3682;0;;
;52;3697;3788;0;;
;53;3856;3862;0;;
;54;3856;3883;0;;
;55;3856;3968;0;;
;56;3856;3987;0;;
;57;3897;4095;0;;
;58;3897;4149;0;;
;59;3897;4292;0;;
;60;3897;4382;0;;
;61;3807;4381;0;;
;62;3807;4244;0;;
;63;3807;4295;0;;
;64;3807;4263;0;;
;65;3692;4149;0;;
;66;3692;4019;0;;
;67;3692;3937;0;;
;68;3692;3745;0;;
;69;3417;3591;0;;
;70;3417;3445;0;;
;71;3417;3269;0;;
;72;3417;3058;0;;
;73;3084;2843;0;;
;74;3084;2696;0;;
;75;3084;2457;0;;
;76;3084;2339;0;;
;77;2624;2200;0;;
;78;2624;1962;0;;
;79;2624;1752;0;;
;80;2624;1541;0;;
;81;2090;1324;0;;
;82;2090;1121;0;;
;83;2090;944;0;;
;84;2090;861;0;;
;85;1670;844;0;;
;86;1670;779;0;;
;87;1670;709;0;;
;88;1670;665;0;;
;89;1366;627;0;;
;90;1366;608;0;;
;91;1366;582;0;;
;92;1366;584;0;;
;93;1241;560;0;;
;94;1241;546;0;;
;95;1241;557;0;;
;96;1241;596;0;;
2006-04-04;1;963;675;0;;
;2;963;650;0;;
;3;963;660;0;;
;4;963;686;0;;
;5;958;713;0;;
;6;958;770;0;;
;7;958;794;0;;
;8;958;819;0;;
;9;1023;903;0;;
;10;1023;841;0;;
;11;1023;883;0;;
;12;1023;995;0;;
;13;1070;961;0;;
;14;1070;997;0;;
;15;1070;1124;0;;
;16;1070;1159;0;;
;17;1139;1230;0;;
;18;1139;1245;0;;
;19;1139;1147;0;;
;20;1139;1115;0;;
;21;1200;1162;0;;
;22;1200;1242;0;;
;23;1200;1261;0;;
;24;1200;1323;0;;
;25;1307;1445;0;;
;26;1307;1377;0;;
;27;1307;1336;0;;
;28;1307;1311;0;;
;29;1442;1339;0;;
;30;1442;1366;0;;
;31;1442;1459;0;;
;32;1442;1440;0;;
;33;1652;1401;0;;
;34;1652;1429;0;;
;35;1652;1502;0;;
;36;1652;1487;0;;
;37;2020;1538;0;;
;38;2020;1614;0;;
;39;2020;1699;0;;
;40;2020;1713;0;;
;41;2444;1809;0;;
;42;2444;1901;0;;
;43;2444;2049;0;;
;44;2444;2156;0;;
;45;2769;2187;0;;
;46;2769;2418;0;;
;47;2769;2498;0;;
;48;2769;2466;0;;
;49;3019;2424;0;;
;50;3019;2422;0;;
;51;3019;2589;0;;
;52;3019;2733;0;;
;53;3233;2830;0;;
;54;3233;2945;0;;
;55;3233;2995;0;;
;56;3233;3157;0;;
;57;3471;3272;0;;
;58;3471;3358;0;;
;59;3471;3460;0;;
;60;3471;3487;0;;
;61;3541;3509;0;;
;62;3541;3577;0;;
;63;3541;3714;0;;
;64;3541;3705;0;;
;65;3530;3798;0;;
;66;3530;4074;0;;
;67;3530;4126;0;;
;68;3530;4113;0;;
;69;3444;4026;0;;
;70;3444;4053;0;;
;71;3444;4164;0;;
;72;3444;4008;0;;
;73;3229;4002;0;;
;74;3229;3893;0;;
;75;3229;3753;0;;
;76;3229;3564;0;;
;77;2986;3639;0;;
;78;2986;3431;0;;
;79;2986;3266;0;;
;80;2986;2982;0;;
;81;2639;2802;0;;
;82;2639;2893;0;;
;83;2639;2802;0;;
;84;2639;2584;0;;
;85;2285;2471;0;;
;86;2285;2344;0;;
;87;2285;2346;0;;
;88;2285;2278;0;;
;89;2053;2233;0;;
;90;2053;2242;0;;
;91;2053;2134;0;;
;92;2053;2014;0;;
;93;1905;2019;0;;
;94;1905;1953;0;;
;95;1905;2000;0;;
;96;1905;1982;0;;
2006-04-05;1;2189;1924;0;;
;2;2189;1965;0;;
;3;2189;1929;0;;
;4;2189;1967;0;;
;5;2154;1961;0;;
;6;2154;1991;0;;
;7;2154;2002;0;;
;8;2154;2000;0;;
;9;2163;1999;0;;
;10;2163;2044;0;;
;11;2163;2045;0;;
;12;2163;2109;0;;
;13;2226;2135;0;;
;14;2226;2094;0;;
;15;2226;2030;0;;
;16;2226;2026;0;;
;17;2282;2002;0;;
;18;2282;2057;0;;
;19;2282;2052;0;;
;20;2282;2021;0;;
;21;2362;2041;0;;
;22;2362;2067;0;;
;23;2362;2091;0;;
;24;2362;2290;0;;
;25;2357;2136;0;;
;26;2357;2105;0;;
;27;2357;2067;0;;
;28;2357;1988;0;;
;29;2394;1858;0;;
;30;2394;1833;0;;
;31;2394;1774;0;;
;32;2394;1784;0;;
;33;2410;1690;0;;
;34;2410;1664;0;;
;35;2410;1480;0;;
;36;2410;1410;0;;
;37;2475;1368;0;;
;38;2475;1369;0;;
;39;2475;1311;0;;
;40;2475;1349;0;;
;41;2550;1323;0;;
;42;2550;1489;0;;
;43;2550;1629;0;;
;44;2550;1759;0;;
;45;2715;1821;0;;
;46;2715;1902;0;;
;47;2715;1884;0;;
;48;2715;1834;0;;
;49;2869;1902;0;;
;50;2869;1931;0;;
;51;2869;1956;0;;
;52;2869;1881;0;;
;53;2957;2029;0;;
;54;2957;2136;0;;
;55;2957;2124;0;;
;56;2957;2204;0;;
;57;3003;2356;0;;
;58;3003;2194;0;;
;59;3003;2444;0;;
;60;3003;2423;0;;
;61;2951;2297;0;;
;62;2951;2272;0;;
;63;2951;2275;0;;
;64;2951;2355;0;;
;65;2970;2322;0;;
;66;2970;2529;0;;
;67;2970;2631;0;;
;68;2970;2641;0;;
;69;2835;2643;0;;
;70;2835;2779;0;;
;71;2835;2728;0;;
;72;2835;2603;0;;
;73;2696;2608;0;;
;74;2696;2569;0;;
;75;2696;2403;0;;
;76;2696;2340;0;;
;77;2325;2174;0;;
;78;2325;2130;0;;
;79;2325;1974;0;;
;80;2325;1773;0;;
;81;1862;1534;0;;
;82;1862;1278;0;;
;83;1862;1152;0;;
;84;1862;979;0;;
;85;1490;918;0;;
;86;1490;896;0;;
;87;1490;843;0;;
;88;1490;832;0;;
;89;1157;783;0;;
;90;1157;774;0;;
;91;1157;752;0;;
;92;1157;769;0;;
;93;1016;826;0;;
;94;1016;816;0;;
;95;1016;837;0;;
;96;1016;841;0;;
2006-04-06;1;897;866;0;;
;2;897;926;0;;
;3;897;899;0;;
;4;897;895;0;;
;5;859;913;0;;
;6;859;900;0;;
;7;859;887;0;;
;8;859;896;0;;
;9;852;851;0;;
;10;852;864;0;;
;11;852;886;0;;
;12;852;890;0;;
;13;884;852;0;;
;14;884;852;0;;
;15;884;792;0;;
;16;884;748;0;;
;17;958;738;0;;
;18;958;748;0;;
;19;958;731;0;;
;20;958;804;0;;
;21;1065;788;0;;
;22;1065;787;0;;
;23;1065;785;0;;
;24;1065;812;0;;
;25;1236;868;0;;
;26;1236;885;0;;
;27;1236;942;0;;
;28;1236;1017;0;;
;29;1408;1101;0;;
;30;1408;1173;0;;
;31;1408;1217;0;;
;32;1408;1273;0;;
;33;1627;1218;0;;
;34;1627;1196;0;;
;35;1627;1187;0;;
;36;1627;1177;0;;
;37;1863;1226;0;;
;38;1863;1271;0;;
;39;1863;1322;0;;
;40;1863;1410;0;;
;41;2242;1489;0;;
;42;2242;1626;0;;
;43;2242;1732;0;;
;44;2242;1870;0;;
;45;2672;1990;0;;
;46;2672;2144;0;;
;47;2672;2233;0;;
;48;2672;2431;0;;
;49;3234;2723;0;;
;50;3234;2890;0;;
;51;3234;2968;0;;
;52;3234;3089;0;;
;53;3494;3275;0;;
;54;3494;3409;0;;
;55;3494;3418;0;;
;56;3494;3431;0;;
;57;3737;3382;0;;
;58;3737;3365;0;;
;59;3737;3448;0;;
;60;3737;3550;0;;
;61;3767;3437;0;;
;62;3767;3371;0;;
;63;3767;3502;0;;
;64;3767;3450;0;;
;65;3705;3450;0;;
;66;3705;3457;0;;
;67;3705;3424;0;;
;68;3705;3670;0;;
;69;3568;3502;0;;
;70;3568;3214;0;;
;71;3568;3246;0;;
;72;3568;3416;0;;
;73;3364;3303;0;;
;74;3364;3179;0;;
;75;3364;3124;0;;
;76;3364;2923;0;;
;77;3028;2831;0;;
;78;3028;2852;0;;
;79;3028;2991;0;;
;80;3028;2895;0;;
;81;2682;2789;0;;
;82;2682;2627;0;;
;83;2682;2512;0;;
;84;2682;2514;0;;
;85;2350;2464;0;;
;86;2350;2377;0;;
;87;2350;2392;0;;
;88;2350;2406;0;;
;89;2184;2366;0;;
;90;2184;2304;0;;
;91;2184;2333;0;;
;92;2184;2382;0;;
;93;2084;2473;0;;
;94;2084;2609;0;;
;95;2084;2653;0;;
;96;2084;2738;0;;
2006-04-07;1;2391;2745;0;;
;2;2391;2718;0;;
;3;2391;2838;0;;
;4;2391;2881;0;;
;5;2393;2886;0;;
;6;2393;2913;0;;
;7;2393;2868;0;;
;8;2393;2874;0;;
;9;2429;2880;0;;
;10;2429;2699;0;;
;11;2429;2701;0;;
;12;2429;2745;0;;
;13;2455;2699;0;;
;14;2455;2718;0;;
;15;2455;2720;0;;
;16;2455;2650;0;;
;17;2406;2523;0;;
;18;2406;2396;0;;
;19;2406;2343;0;;
;20;2406;2261;0;;
;21;2405;2100;0;;
;22;2405;2126;0;;
;23;2405;2146;0;;
;24;2405;1981;0;;
;25;2315;1846;0;;
;26;2315;1819;0;;
;27;2315;1744;0;;
;28;2315;1721;0;;
;29;2348;1613;0;;
;30;2348;1549;0;;
;31;2348;1546;0;;
;32;2348;1514;0;;
;33;2326;1450;0;;
;34;2326;1383;0;;
;35;2326;1312;0;;
;36;2326;1193;0;;
;37;2452;1155;0;;
;38;2452;1155;0;;
;39;2452;1185;0;;
;40;2452;1178;0;;
;41;2720;1171;0;;
;42;2720;1191;0;;
;43;2720;1232;0;;
;44;2720;1258;0;;
;45;2951;1250;0;;
;46;2951;1270;0;;
;47;2951;1266;0;;
;48;2951;1259;0;;
;49;3159;1322;0;;
;50;3159;1437;0;;
;51;3159;1533;0;;
;52;3159;1589;0;;
;53;3301;1680;0;;
;54;3301;1686;0;;
;55;3301;1691;0;;
;56;3301;1727;0;;
;57;3312;1797;0;;
;58;3312;1741;0;;
;59;3312;1731;0;;
;60;3312;1770;0;;
;61;3226;1679;0;;
;62;3226;1677;0;;
;63;3226;1706;0;;
;64;3226;1766;0;;
;65;3028;1742;0;;
;66;3028;1719;0;;
;67;3028;1586;0;;
;68;3028;1619;0;;
;69;2648;1582;0;;
;70;2648;1560;0;;
;71;2648;1564;0;;
;72;2648;1574;0;;
;73;2097;1523;0;;
;74;2097;1483;0;;
;75;2097;1294;0;;
;76;2097;1233;0;;
;77;1589;1196;0;;
;78;1589;1019;0;;
;79;1589;863;0;;
;80;1589;741;0;;
;81;1209;626;0;;
;82;1209;598;0;;
;83;1209;543;0;;
;84;1209;498;0;;
;85;1047;495;0;;
;86;1047;404;0;;
;87;1047;401;0;;
;88;1047;398;0;;
;89;967;417;0;;
;90;967;433;0;;
;91;967;458;0;;
;92;967;523;0;;
;93;924;606;0;;
;94;924;683;0;;
;95;924;784;0;;
;96;924;862;0;;
2006-04-08;1;801;959;0;;
;2;801;1046;0;;
;3;801;1103;0;;
;4;801;1213;0;;
;5;911;1303;0;;
;6;911;1417;0;;
;7;911;1506;0;;
;8;911;1530;0;;
;9;1005;1611;0;;
;10;1005;1734;0;;
;11;1005;1835;0;;
;12;1005;1938;0;;
;13;1147;2078;0;;
;14;1147;2076;0;;
;15;1147;2055;0;;
;16;1147;1945;0;;
;17;1262;1955;0;;
;18;1262;2095;0;;
;19;1262;2121;0;;
;20;1262;2189;0;;
;21;1461;2209;0;;
;22;1461;2277;0;;
;23;1461;2296;0;;
;24;1461;2220;0;;
;25;1707;2151;0;;
;26;1707;2254;0;;
;27;1707;2391;0;;
;28;1707;2515;0;;
;29;2022;2605;0;;
;30;2022;2728;0;;
;31;2022;2811;0;;
;32;2022;2918;0;;
;33;2342;2993;0;;
;34;2342;3087;0;;
;35;2342;3128;0;;
;36;2342;3233;0;;
;37;2737;3360;0;;
;38;2737;3505;0;;
;39;2737;3713;0;;
;40;2737;3912;0;;
;41;3244;4087;0;;
;42;3244;4332;0;;
;43;3244;4366;0;;
;44;3244;4549;0;;
;45;3807;4733;0;;
;46;3807;4902;0;;
;47;3807;5115;0;;
;48;3807;5224;0;;
;49;4405;5331;0;;
;50;4405;5462;0;;
;51;4405;5463;0;;
;52;4405;5568;0;;
;53;4702;5628;0;;
;54;4702;5488;0;;
;55;4702;5336;0;;
;56;4702;5224;0;;
;57;4813;5102;0;;
;58;4813;5070;0;;
;59;4813;4911;0;;
;60;4813;4936;0;;
;61;4656;4655;0;;
;62;4656;4444;0;;
;63;4656;4199;0;;
;64;4656;4193;0;;
;65;4432;3953;0;;
;66;4432;3757;0;;
;67;4432;3722;0;;
;68;4432;3500;0;;
;69;4116;3462;0;;
;70;4116;3467;0;;
;71;4116;3215;0;;
;72;4116;2985;0;;
;73;3776;2855;0;;
;74;3776;2776;0;;
;75;3776;2682;0;;
;76;3776;2567;0;;
;77;3241;2465;0;;
;78;3241;2176;0;;
;79;3241;2013;0;;
;80;3241;1945;0;;
;81;2640;1854;0;;
;82;2640;1597;0;;
;83;2640;1420;0;;
;84;2640;1326;0;;
;85;2275;1233;0;;
;86;2275;1187;0;;
;87;2275;1209;0;;
;88;2275;1196;0;;
;89;2084;1179;0;;
;90;2084;1197;0;;
;91;2084;1308;0;;
;92;2084;1443;0;;
;93;2126;1624;0;;
;94;2126;1727;0;;
;95;2126;1819;0;;
;96;2126;1994;0;;
2006-04-09;1;1597;2152;0;;
;2;1597;2294;0;;
;3;1597;2444;0;;
;4;1597;2491;0;;
;5;1766;2500;0;;
;6;1766;2483;0;;
;7;1766;2527;0;;
;8;1766;2597;0;;
;9;1960;2655;0;;
;10;1960;2628;0;;
;11;1960;2668;0;;
;12;1960;2532;0;;
;13;2110;2628;0;;
;14;2110;2761;0;;
;15;2110;2780;0;;
;16;2110;2895;0;;
;17;2211;2949;0;;
;18;2211;3090;0;;
;19;2211;3111;0;;
;20;2211;3161;0;;
;21;2328;3180;0;;
;22;2328;3221;0;;
;23;2328;3143;0;;
;24;2328;3301;0;;
;25;2463;3271;0;;
;26;2463;3174;0;;
;27;2463;3085;0;;
;28;2463;3079;0;;
;29;2615;3030;0;;
;30;2615;3099;0;;
;31;2615;3074;0;;
;32;2615;3071;0;;
;33;2804;2962;0;;
;34;2804;2925;0;;
;35;2804;3009;0;;
;36;2804;3120;0;;
;37;3054;3329;0;;
;38;3054;3498;0;;
;39;3054;3721;0;;
;40;3054;4107;0;;
;41;3394;4338;0;;
;42;3394;4528;0;;
;43;3394;4724;0;;
;44;3394;4941;0;;
;45;3766;5013;0;;
;46;3766;4963;0;;
;47;3766;5118;0;;
;48;3766;5216;0;;
;49;3785;5251;0;;
;50;3785;5242;0;;
;51;3785;5219;0;;
;52;3785;5282;0;;
;53;3931;5287;0;;
;54;3931;5497;0;;
;55;3931;5444;0;;
;56;3931;5396;0;;
;57;4014;5317;0;;
;58;4014;5306;0;;
;59;4014;5269;0;;
;60;4014;5200;0;;
;61;4029;5250;0;;
;62;4029;5165;0;;
;63;4029;5107;0;;
;64;4029;5138;0;;
;65;3893;5211;0;;
;66;3893;4852;0;;
;67;3893;4828;0;;
;68;3893;4772;0;;
;69;3629;4670;0;;
;70;3629;4445;0;;
;71;3629;4325;0;;
;72;3629;4263;0;;
;73;3229;4246;0;;
;74;3229;4068;0;;
;75;3229;3771;0;;
;76;3229;3627;0;;
;77;2641;3275;0;;
;78;2641;3023;0;;
;79;2641;2901;0;;
;80;2641;2746;0;;
;81;2047;2477;0;;
;82;2047;2323;0;;
;83;2047;2103;0;;
;84;2047;1959;0;;
;85;1515;1810;0;;
;86;1515;1691;0;;
;87;1515;1630;0;;
;88;1515;1551;0;;
;89;1214;1517;0;;
;90;1214;1494;0;;
;91;1214;1456;0;;
;92;1214;1453;0;;
;93;1078;1434;0;;
;94;1078;1352;0;;
;95;1078;1332;0;;
;96;1078;1333;0;;
2006-04-10;1;1421;1260;0;;
;2;1421;1160;0;;
;3;1421;1074;0;;
;4;1421;1010;0;;
;5;1327;1013;0;;
;6;1327;991;0;;
;7;1327;1015;0;;
;8;1327;1022;0;;
;9;1250;964;0;;
;10;1250;926;0;;
;11;1250;893;0;;
;12;1250;879;0;;
;13;1192;862;0;;
;14;1192;827;0;;
;15;1192;806;0;;
;16;1192;731;0;;
;17;1160;701;0;;
;18;1160;685;0;;
;19;1160;667;0;;
;20;1160;694;0;;
;21;1143;703;0;;
;22;1143;683;0;;
;23;1143;658;0;;
;24;1143;649;0;;
;25;1145;616;0;;
;26;1145;619;0;;
;27;1145;650;0;;
;28;1145;660;0;;
;29;1157;634;0;;
;30;1157;610;0;;
;31;1157;597;0;;
;32;1157;629;0;;
;33;1163;621;0;;
;34;1163;645;0;;
;35;1163;637;0;;
;36;1163;611;0;;
;37;1192;660;0;;
;38;1192;651;0;;
;39;1192;677;0;;
;40;1192;665;0;;
;41;1313;768;0;;
;42;1313;817;0;;
;43;1313;770;0;;
;44;1313;754;0;;
;45;1501;680;0;;
;46;1501;697;0;;
;47;1501;718;0;;
;48;1501;691;0;;
;49;1696;655;0;;
;50;1696;738;0;;
;51;1696;738;0;;
;52;1696;755;0;;
;53;1903;791;0;;
;54;1903;923;0;;
;55;1903;938;0;;
;56;1903;1047;0;;
;57;2048;1071;0;;
;58;2048;1089;0;;
;59;2048;1126;0;;
;60;2048;1127;0;;
;61;2242;1213;0;;
;62;2242;1327;0;;
;63;2242;1369;0;;
;64;2242;1443;0;;
;65;2395;1563;0;;
;66;2395;1652;0;;
;67;2395;1749;0;;
;68;2395;1865;0;;
;69;2395;1906;0;;
;70;2395;2061;0;;
;71;2395;2168;0;;
;72;2395;2290;0;;
;73;2325;2218;0;;
;74;2325;2231;0;;
;75;2325;2242;0;;
;76;2325;2207;0;;
;77;2137;2135;0;;
;78;2137;2214;0;;
;79;2137;2243;0;;
;80;2137;2118;0;;
;81;1897;2004;0;;
;82;1897;1897;0;;
;83;1897;1815;0;;
;84;1897;1675;0;;
;85;1582;1475;0;;
;86;1582;1407;0;;
;87;1582;1427;0;;
;88;1582;1360;0;;
;89;1314;1288;0;;
;90;1314;1274;0;;
;91;1314;1204;0;;
;92;1314;1171;0;;
;93;1106;1165;0;;
;94;1106;1152;0;;
;95;1106;1079;0;;
;96;1106;1027;0;;
2006-04-11;1;955;973;0;;
;2;955;928;0;;
;3;955;957;0;;
;4;955;931;0;;
;5;889;882;0;;
;6;889;803;0;;
;7;889;802;0;;
;8;889;830;0;;
;9;859;822;0;;
;10;859;825;0;;
;11;859;797;0;;
;12;859;740;0;;
;13;869;724;0;;
;14;869;744;0;;
;15;869;737;0;;
;16;869;661;0;;
;17;847;660;0;;
;18;847;659;0;;
;19;847;614;0;;
;20;847;579;0;;
;21;847;563;0;;
;22;847;543;0;;
;23;847;540;0;;
;24;847;546;0;;
;25;867;565;0;;
;26;867;546;0;;
;27;867;518;0;;
;28;867;510;0;;
;29;880;482;0;;
;30;880;477;0;;
;31;880;502;0;;
;32;880;458;0;;
;33;842;455;0;;
;34;842;424;0;;
;35;842;376;0;;
;36;842;318;0;;
;37;859;276;0;;
;38;859;256;0;;
;39;859;256;0;;
;40;859;276;0;;
;41;991;304;0;;
;42;991;347;0;;
;43;991;358;0;;
;44;991;439;0;;
;45;1220;468;0;;
;46;1220;503;0;;
;47;1220;552;0;;
;48;1220;574;0;;
;49;1538;564;0;;
;50;1538;542;0;;
;51;1538;576;0;;
;52;1538;561;0;;
;53;1725;593;0;;
;54;1725;586;0;;
;55;1725;645;0;;
;56;1725;659;0;;
;57;1867;712;0;;
;58;1867;692;0;;
;59;1867;769;0;;
;60;1867;802;0;;
;61;1982;835;0;;
;62;1982;908;0;;
;63;1982;939;0;;
;64;1982;961;0;;
;65;2050;985;0;;
;66;2050;1045;0;;
;67;2050;1094;0;;
;68;2050;1177;0;;
;69;2156;1259;0;;
;70;2156;1135;0;;
;71;2156;1205;0;;
;72;2156;1247;0;;
;73;2069;1153;0;;
;74;2069;1158;0;;
;75;2069;1142;0;;
;76;2069;1231;0;;
;77;1994;1298;0;;
;78;1994;1310;0;;
;79;1994;1245;0;;
;80;1994;1199;0;;
;81;1811;1181;0;;
;82;1811;1262;0;;
;83;1811;1430;0;;
;84;1811;1442;0;;
;85;1697;1489;0;;
;86;1697;1576;0;;
;87;1697;1514;0;;
;88;1697;1464;0;;
;89;1660;1557;0;;
;90;1660;1630;0;;
;91;1660;1645;0;;
;92;1660;1687;0;;
;93;1818;1702;0;;
;94;1818;1737;0;;
;95;1818;1951;0;;
;96;1818;1993;0;;
2006-04-12;1;1832;2066;0;;
;2;1832;2140;0;;
;3;1832;2202;0;;
;4;1832;2266;0;;
;5;1984;2247;0;;
;6;1984;2260;0;;
;7;1984;2242;0;;
;8;1984;2233;0;;
;9;2128;2216;0;;
;10;2128;2310;0;;
;11;2128;2295;0;;
;12;2128;2272;0;;
;13;2198;2367;0;;
;14;2198;2270;0;;
;15;2198;2168;0;;
;16;2198;2149;0;;
;17;2167;2216;0;;
;18;2167;2176;0;;
;19;2167;2016;0;;
;20;2167;1922;0;;
;21;2036;1861;0;;
;22;2036;1775;0;;
;23;2036;1747;0;;
;24;2036;1710;0;;
;25;1878;1651;0;;
;26;1878;1588;0;;
;27;1878;1553;0;;
;28;1878;1626;0;;
;29;1844;1570;0;;
;30;1844;1486;0;;
;31;1844;1422;0;;
;32;1844;1286;0;;
;33;1947;1243;0;;
;34;1947;1215;0;;
;35;1947;1223;0;;
;36;1947;1177;0;;
;37;2095;1117;0;;
;38;2095;1081;0;;
;39;2095;1047;0;;
;40;2095;1023;0;;
;41;2313;1007;0;;
;42;2313;1005;0;;
;43;2313;971;0;;
;44;2313;963;0;;
;45;2559;967;0;;
;46;2559;892;0;;
;47;2559;852;0;;
;48;2559;833;0;;
;49;2762;837;0;;
;50;2762;797;0;;
;51;2762;843;0;;
;52;2762;854;0;;
;53;2950;839;0;;
;54;2950;821;0;;
;55;2950;834;0;;
;56;2950;844;0;;
;57;3127;862;0;;
;58;3127;950;0;;
;59;3127;776;0;;
;60;3127;769;0;;
;61;3174;775;0;;
;62;3174;719;0;;
;63;3174;701;0;;
;64;3174;750;0;;
;65;3164;797;0;;
;66;3164;803;0;;
;67;3164;859;0;;
;68;3164;993;0;;
;69;3041;1027;0;;
;70;3041;934;0;;
;71;3041;970;0;;
;72;3041;876;0;;
;73;2829;882;0;;
;74;2829;927;0;;
;75;2829;792;0;;
;76;2829;757;0;;
;77;2422;705;0;;
;78;2422;647;0;;
;79;2422;634;0;;
;80;2422;705;0;;
;81;1953;615;0;;
;82;1953;503;0;;
;83;1953;422;0;;
;84;1953;419;0;;
;85;1613;427;0;;
;86;1613;448;0;;
;87;1613;473;0;;
;88;1613;464;0;;
;89;1515;558;0;;
;90;1515;618;0;;
;91;1515;653;0;;
;92;1515;677;0;;
;93;1707;691;0;;
;94;1707;788;0;;
;95;1707;805;0;;
;96;1707;888;0;;
2006-04-13;1;1759;872;0;;
;2;1759;964;0;;
;3;1759;1078;0;;
;4;1759;1233;0;;
;5;1932;1298;0;;
;6;1932;1329;0;;
;7;1932;1351;0;;
;8;1932;1405;0;;
;9;2090;1410;0;;
;10;2090;1431;0;;
;11;2090;1477;0;;
;12;2090;1518;0;;
;13;2221;1586;0;;
;14;2221;1656;0;;
;15;2221;1733;0;;
;16;2221;1813;0;;
;17;2374;1867;0;;
;18;2374;1968;0;;
;19;2374;1990;0;;
;20;2374;2040;0;;
;21;2573;2144;0;;
;22;2573;2267;0;;
;23;2573;2355;0;;
;24;2573;2456;0;;
;25;2810;2511;0;;
;26;2810;2645;0;;
;27;2810;2780;0;;
;28;2810;2840;0;;
;29;2981;2915;0;;
;30;2981;3025;0;;
;31;2981;3146;0;;
;32;2981;3252;0;;
;33;3191;3332;0;;
;34;3191;3394;0;;
;35;3191;3431;0;;
;36;3191;3403;0;;
;37;3560;3461;0;;
;38;3560;3506;0;;
;39;3560;3566;0;;
;40;3560;3608;0;;
;41;3883;3508;0;;
;42;3883;3504;0;;
;43;3883;3478;0;;
;44;3883;3405;0;;
;45;4221;3354;0;;
;46;4221;3340;0;;
;47;4221;3293;0;;
;48;4221;3224;0;;
;49;4500;3224;0;;
;50;4500;3129;0;;
;51;4500;3066;0;;
;52;4500;2971;0;;
;53;4716;2985;0;;
;54;4716;3059;0;;
;55;4716;3170;0;;
;56;4716;3083;0;;
;57;4381;3112;0;;
;58;4381;3225;0;;
;59;4381;3229;0;;
;60;4381;3313;0;;
;61;4444;3413;0;;
;62;4444;3466;0;;
;63;4444;3481;0;;
;64;4444;3483;0;;
;65;4409;3435;0;;
;66;4409;3496;0;;
;67;4409;3510;0;;
;68;4409;3550;0;;
;69;4359;3421;0;;
;70;4359;3365;0;;
;71;4359;3400;0;;
;72;4359;3355;0;;
;73;4130;3380;0;;
;74;4130;3349;0;;
;75;4130;3263;0;;
;76;4130;3052;0;;
;77;3705;3079;0;;
;78;3705;3012;0;;
;79;3705;2807;0;;
;80;3705;2723;0;;
;81;3109;2719;0;;
;82;3109;2686;0;;
;83;3109;2731;0;;
;84;3109;2782;0;;
;85;2575;2838;0;;
;86;2575;2901;0;;
;87;2575;2924;0;;
;88;2575;2988;0;;
;89;2319;3153;0;;
;90;2319;3461;0;;
;91;2319;3643;0;;
;92;2319;3396;0;;
;93;2318;3397;0;;
;94;2318;3791;0;;
;95;2318;3741;0;;
;96;2318;3777;0;;
2006-04-14;1;3014;3782;0;;
;2;3014;3689;0;;
;3;3014;3639;0;;
;4;3014;3679;0;;
;5;2970;3680;0;;
;6;2970;3609;0;;
;7;2970;3507;0;;
;8;2970;3475;0;;
;9;2887;3482;0;;
;10;2887;3466;0;;
;11;2887;3552;0;;
;12;2887;3597;0;;
;13;2927;3606;0;;
;14;2927;3585;0;;
;15;2927;3517;0;;
;16;2927;3472;0;;
;17;2908;3452;0;;
;18;2908;3403;0;;
;19;2908;3388;0;;
;20;2908;3442;0;;
;21;2966;3339;0;;
;22;2966;3262;0;;
;23;2966;3208;0;;
;24;2966;3129;0;;
;25;3005;3033;0;;
;26;3005;3017;0;;
;27;3005;2972;0;;
;28;3005;2913;0;;
;29;3052;2896;0;;
;30;3052;2823;0;;
;31;3052;2724;0;;
;32;3052;2656;0;;
;33;3248;2608;0;;
;34;3248;2565;0;;
;35;3248;2559;0;;
;36;3248;2561;0;;
;37;3578;2585;0;;
;38;3578;2654;0;;
;39;3578;2791;0;;
;40;3578;2902;0;;
;41;3889;3069;0;;
;42;3889;3221;0;;
;43;3889;3254;0;;
;44;3889;3409;0;;
;45;4226;3501;0;;
;46;4226;3636;0;;
;47;4226;3685;0;;
;48;4226;3853;0;;
;49;4282;3917;0;;
;50;4282;3887;0;;
;51;4282;3799;0;;
;52;4282;3860;0;;
;53;4443;4014;0;;
;54;4443;3941;0;;
;55;4443;3870;0;;
;56;4443;3860;0;;
;57;4548;3989;0;;
;58;4548;4031;0;;
;59;4548;3994;0;;
;60;4548;3965;0;;
;61;4574;4212;0;;
;62;4574;4187;0;;
;63;4574;4130;0;;
;64;4574;4165;0;;
;65;4517;4158;0;;
;66;4517;4272;0;;
;67;4517;4203;0;;
;68;4517;4170;0;;
;69;4368;4228;0;;
;70;4368;4486;0;;
;71;4368;4135;0;;
;72;4368;4020;0;;
;73;4091;4124;0;;
;74;4091;4182;0;;
;75;4091;3907;0;;
;76;4091;3790;0;;
;77;3652;3640;0;;
;78;3652;3541;0;;
;79;3652;3393;0;;
;80;3652;3064;0;;
;81;3083;2870;0;;
;82;3083;2619;0;;
;83;3083;2328;0;;
;84;3083;2135;0;;
;85;2536;1915;0;;
;86;2536;1838;0;;
;87;2536;1806;0;;
;88;2536;1770;0;;
;89;2104;1697;0;;
;90;2104;1586;0;;
;91;2104;1509;0;;
;92;2104;1461;0;;
;93;1880;1441;0;;
;94;1880;1462;0;;
;95;1880;1417;0;;
;96;1880;1359;0;;
2006-04-15;1;1672;1334;0;;
;2;1672;1329;0;;
;3;1672;1366;0;;
;4;1672;1341;0;;
;5;1490;1335;0;;
;6;1490;1321;0;;
;7;1490;1317;0;;
;8;1490;1285;0;;
;9;1374;1211;0;;
;10;1374;1102;0;;
;11;1374;989;0;;
;12;1374;856;0;;
;13;1231;745;0;;
;14;1231;631;0;;
;15;1231;559;0;;
;16;1231;493;0;;
;17;1212;433;0;;
;18;1212;363;0;;
;19;1212;284;0;;
;20;1212;219;0;;
;21;1060;193;0;;
;22;1060;192;0;;
;23;1060;166;0;;
;24;1060;165;0;;
;25;958;152;0;;
;26;958;146;0;;
;27;958;143;0;;
;28;958;161;0;;
;29;941;161;0;;
;30;941;149;0;;
;31;941;109;0;;
;32;941;90;0;;
;33;899;72;0;;
;34;899;63;0;;
;35;899;60;0;;
;36;899;74;0;;
;37;948;77;0;;
;38;948;72;0;;
;39;948;75;0;;
;40;948;75;0;;
;41;1036;75;0;;
;42;1036;84;0;;
;43;1036;85;0;;
;44;1036;94;0;;
;45;1112;120;0;;
;46;1112;135;0;;
;47;1112;139;0;;
;48;1112;171;0;;
;49;1125;194;0;;
;50;1125;223;0;;
;51;1125;280;0;;
;52;1125;314;0;;
;53;1098;347;0;;
;54;1098;351;0;;
;55;1098;357;0;;
;56;1098;369;0;;
;57;1053;366;0;;
;58;1053;388;0;;
;59;1053;437;0;;
;60;1053;511;0;;
;61;937;566;0;;
;62;937;603;0;;
;63;937;667;0;;
;64;937;723;0;;
;65;794;753;0;;
;66;794;830;0;;
;67;794;828;0;;
;68;794;822;0;;
;69;536;829;0;;
;70;536;835;0;;
;71;536;782;0;;
;72;536;768;0;;
;73;566;757;0;;
;74;566;727;0;;
;75;566;733;0;;
;76;566;747;0;;
;77;714;753;0;;
;78;714;842;0;;
;79;714;932;0;;
;80;714;1040;0;;
;81;874;1200;0;;
;82;874;1306;0;;
;83;874;1406;0;;
;84;874;1371;0;;
;85;1017;1450;0;;
;86;1017;1534;0;;
;87;1017;1537;0;;
;88;1017;1487;0;;
;89;1058;1441;0;;
;90;1058;1430;0;;
;91;1058;1437;0;;
;92;1058;1393;0;;
;93;1085;1373;0;;
;94;1085;1344;0;;
;95;1085;1290;0;;
;96;1085;1263;0;;
2006-04-16;1;2166;1203;0;;
;2;2166;1142;0;;
;3;2166;1058;0;;
;4;2166;1113;0;;
;5;2052;1086;0;;
;6;2052;1048;0;;
;7;2052;1039;0;;
;8;2052;1045;0;;
;9;1974;1000;0;;
;10;1974;1008;0;;
;11;1974;995;0;;
;12;1974;924;0;;
;13;1780;837;0;;
;14;1780;840;0;;
;15;1780;814;0;;
;16;1780;808;0;;
;17;1811;800;0;;
;18;1811;809;0;;
;19;1811;745;0;;
;20;1811;719;0;;
;21;1672;676;0;;
;22;1672;664;0;;
;23;1672;659;0;;
;24;1672;641;0;;
;25;1550;694;0;;
;26;1550;696;0;;
;27;1550;630;0;;
;28;1550;677;0;;
;29;1573;672;0;;
;30;1573;699;0;;
;31;1573;756;0;;
;32;1573;689;0;;
;33;1674;584;0;;
;34;1674;556;0;;
;35;1674;526;0;;
;36;1674;546;0;;
;37;1695;530;0;;
;38;1695;542;0;;
;39;1695;550;0;;
;40;1695;543;0;;
;41;1763;554;0;;
;42;1763;556;0;;
;43;1763;574;0;;
;44;1763;597;0;;
;45;1936;653;0;;
;46;1936;691;0;;
;47;1936;712;0;;
;48;1936;738;0;;
;49;2238;753;0;;
;50;2238;741;0;;
;51;2238;727;0;;
;52;2238;740;0;;
;53;2535;835;0;;
;54;2535;962;0;;
;55;2535;1063;0;;
;56;2535;1192;0;;
;57;2989;1405;0;;
;58;2989;1458;0;;
;59;2989;1551;0;;
;60;2989;1710;0;;
;61;3264;1778;0;;
;62;3264;1831;0;;
;63;3264;1725;0;;
;64;3264;1906;0;;
;65;3215;2035;0;;
;66;3215;2153;0;;
;67;3215;2189;0;;
;68;3215;2271;0;;
;69;2787;2249;0;;
;70;2787;2304;0;;
;71;2787;2304;0;;
;72;2787;2320;0;;
;73;2417;2251;0;;
;74;2417;2174;0;;
;75;2417;2037;0;;
;76;2417;1879;0;;
;77;2073;1938;0;;
;78;2073;1872;0;;
;79;2073;1807;0;;
;80;2073;1640;0;;
;81;1856;1592;0;;
;82;1856;1551;0;;
;83;1856;1536;0;;
;84;1856;1559;0;;
;85;1837;1529;0;;
;86;1837;1472;0;;
;87;1837;1432;0;;
;88;1837;1398;0;;
;89;1900;1400;0;;
;90;1900;1378;0;;
;91;1900;1355;0;;
;92;1900;1336;0;;
;93;1892;1338;0;;
;94;1892;1305;0;;
;95;1892;1267;0;;
;96;1892;1192;0;;
2006-04-17;1;1592;1168;0;;
;2;1592;1093;0;;
;3;1592;1009;0;;
;4;1592;918;0;;
;5;1446;918;0;;
;6;1446;909;0;;
;7;1446;913;0;;
;8;1446;886;0;;
;9;1357;922;0;;
;10;1357;876;0;;
;11;1357;829;0;;
;12;1357;796;0;;
;13;1290;714;0;;
;14;1290;699;0;;
;15;1290;684;0;;
;16;1290;660;0;;
;17;1235;629;0;;
;18;1235;674;0;;
;19;1235;694;0;;
;20;1235;734;0;;
;21;1224;756;0;;
;22;1224;796;0;;
;23;1224;821;0;;
;24;1224;820;0;;
;25;1283;854;0;;
;26;1283;907;0;;
;27;1283;904;0;;
;28;1283;892;0;;
;29;1575;874;0;;
;30;1575;879;0;;
;31;1575;895;0;;
;32;1575;967;0;;
;33;1949;1061;0;;
;34;1949;1082;0;;
;35;1949;1150;0;;
;36;1949;1304;0;;
;37;2521;1361;0;;
;38;2521;1413;0;;
;39;2521;1540;0;;
;40;2521;1534;0;;
;41;3321;1619;0;;
;42;3321;1782;0;;
;43;3321;1947;0;;
;44;3321;2127;0;;
;45;3616;2261;0;;
;46;3616;2360;0;;
;47;3616;2618;0;;
;48;3616;2665;0;;
;49;3873;2832;0;;
;50;3873;2929;0;;
;51;3873;3001;0;;
;52;3873;2986;0;;
;53;3944;3072;0;;
;54;3944;3184;0;;
;55;3944;3311;0;;
;56;3944;3227;0;;
;57;3886;3389;0;;
;58;3886;3579;0;;
;59;3886;3600;0;;
;60;3886;3722;0;;
;61;3884;3818;0;;
;62;3884;3828;0;;
;63;3884;3732;0;;
;64;3884;3681;0;;
;65;3785;3773;0;;
;66;3785;3754;0;;
;67;3785;3514;0;;
;68;3785;3452;0;;
;69;3468;3346;0;;
;70;3468;3148;0;;
;71;3468;3059;0;;
;72;3468;2889;0;;
;73;2696;2759;0;;
;74;2696;2559;0;;
;75;2696;2420;0;;
;76;2696;2301;0;;
;77;2109;2097;0;;
;78;2109;1798;0;;
;79;2109;1800;0;;
;80;2109;1771;0;;
;81;1896;1712;0;;
;82;1896;1517;0;;
;83;1896;1396;0;;
;84;1896;1339;0;;
;85;1820;1166;0;;
;86;1820;1148;0;;
;87;1820;1067;0;;
;88;1820;1080;0;;
;89;1820;1123;0;;
;90;1820;1120;0;;
;91;1820;1214;0;;
;92;1820;1257;0;;
;93;1921;1301;0;;
;94;1921;1350;0;;
;95;1921;1359;0;;
;96;1921;1312;0;;
2006-04-18;1;2050;1301;0;;
;2;2050;1350;0;;
;3;2050;1359;0;;
;4;2050;1312;0;;
;5;1949;1405;0;;
;6;1949;1422;0;;
;7;1949;1434;0;;
;8;1949;1468;0;;
;9;1995;1483;0;;
;10;1995;1528;0;;
;11;1995;1545;0;;
;12;1995;1598;0;;
;13;1915;1597;0;;
;14;1915;1674;0;;
;15;1915;1646;0;;
;16;1915;1616;0;;
;17;1902;1655;0;;
;18;1902;1728;0;;
;19;1902;1815;0;;
;20;1902;1828;0;;
;21;1756;1803;0;;
;22;1756;1827;0;;
;23;1756;1831;0;;
;24;1756;1802;0;;
;25;1805;1782;0;;
;26;1805;1800;0;;
;27;1805;1846;0;;
;28;1805;1819;0;;
;29;2219;1777;0;;
;30;2219;1759;0;;
;31;2219;1689;0;;
;32;2219;1626;0;;
;33;3139;1579;0;;
;34;3139;1552;0;;
;35;3139;1466;0;;
;36;3139;1441;0;;
;37;3762;1447;0;;
;38;3762;1527;0;;
;39;3762;1643;0;;
;40;3762;1750;0;;
;41;3968;1832;0;;
;42;3968;1792;0;;
;43;3968;1911;0;;
;44;3968;1957;0;;
;45;4067;2022;0;;
;46;4067;2007;0;;
;47;4067;2250;0;;
;48;4067;2377;0;;
;49;4098;2458;0;;
;50;4098;2316;0;;
;51;4098;2191;0;;
;52;4098;2066;0;;
;53;4079;2045;0;;
;54;4079;2102;0;;
;55;4079;2099;0;;
;56;4079;2113;0;;
;57;3979;2194;0;;
;58;3979;2165;0;;
;59;3979;2140;0;;
;60;3979;2040;0;;
;61;3883;1971;0;;
;62;3883;2000;0;;
;63;3883;2187;0;;
;64;3883;2248;0;;
;65;3504;2237;0;;
;66;3504;2267;0;;
;67;3504;2313;0;;
;68;3504;2072;0;;
;69;2903;1994;0;;
;70;2903;2039;0;;
;71;2903;2143;0;;
;72;2903;1998;0;;
;73;2120;2010;0;;
;74;2120;1894;0;;
;75;2120;1719;0;;
;76;2120;1641;0;;
;77;1455;1558;0;;
;78;1455;1499;0;;
;79;1455;1411;0;;
;80;1455;1286;0;;
;81;1148;1144;0;;
;82;1148;1089;0;;
;83;1148;943;0;;
;84;1148;862;0;;
;85;1034;819;0;;
;86;1034;776;0;;
;87;1034;744;0;;
;88;1034;708;0;;
;89;1003;627;0;;
;90;1003;636;0;;
;91;1003;670;0;;
;92;1003;586;0;;
;93;967;475;0;;
;94;967;423;0;;
;95;967;368;0;;
;96;967;367;0;;
2006-04-19;1;650;341;0;;
;2;650;337;0;;
;3;650;339;0;;
;4;650;334;0;;
;5;593;323;0;;
;6;593;298;0;;
;7;593;302;0;;
;8;593;291;0;;
;9;534;276;0;;
;10;534;275;0;;
;11;534;281;0;;
;12;534;280;0;;
;13;511;268;0;;
;14;511;263;0;;
;15;511;241;0;;
;16;511;212;0;;
;17;494;206;0;;
;18;494;216;0;;
;19;494;236;0;;
;20;494;244;0;;
;21;489;260;0;;
;22;489;271;0;;
;23;489;268;0;;
;24;489;256;0;;
;25;497;273;0;;
;26;497;286;0;;
;27;497;302;0;;
;28;497;309;0;;
;29;526;323;0;;
;30;526;386;0;;
;31;526;451;0;;
;32;526;446;0;;
;33;580;477;0;;
;34;580;465;0;;
;35;580;440;0;;
;36;580;411;0;;
;37;648;395;0;;
;38;648;361;0;;
;39;648;337;0;;
;40;648;330;0;;
;41;798;351;0;;
;42;798;395;0;;
;43;798;435;0;;
;44;798;473;0;;
;45;1002;607;0;;
;46;1002;750;0;;
;47;1002;818;0;;
;48;1002;862;0;;
;49;1270;904;0;;
;50;1270;996;0;;
;51;1270;1057;0;;
;52;1270;1144;0;;
;53;1503;1206;0;;
;54;1503;1177;0;;
;55;1503;1198;0;;
;56;1503;1287;0;;
;57;1696;1276;0;;
;58;1696;1306;0;;
;59;1696;1427;0;;
;60;1696;1450;0;;
;61;1786;1479;0;;
;62;1786;1558;0;;
;63;1786;1583;0;;
;64;1786;1663;0;;
;65;1798;1660;0;;
;66;1798;1732;0;;
;67;1798;1694;0;;
;68;1798;1573;0;;
;69;1786;1618;0;;
;70;1786;1621;0;;
;71;1786;1506;0;;
;72;1786;1523;0;;
;73;1641;1586;0;;
;74;1641;1565;0;;
;75;1641;1491;0;;
;76;1641;1478;0;;
;77;1412;1364;0;;
;78;1412;1360;0;;
;79;1412;1349;0;;
;80;1412;1376;0;;
;81;1203;1359;0;;
;82;1203;1385;0;;
;83;1203;1321;0;;
;84;1203;1270;0;;
;85;1099;1264;0;;
;86;1099;1257;0;;
;87;1099;1311;0;;
;88;1099;1449;0;;
;89;1053;1529;0;;
;90;1053;1521;0;;
;91;1053;1503;0;;
;92;1053;1438;0;;
;93;1036;1388;0;;
;94;1036;1338;0;;
;95;1036;1318;0;;
;96;1036;1444;0;;
2006-04-20;1;1136;1426;0;;
;2;1136;1349;0;;
;3;1136;1281;0;;
;4;1136;1267;0;;
;5;1250;1172;0;;
;6;1250;1078;0;;
;7;1250;1028;0;;
;8;1250;1036;0;;
;9;1323;1053;0;;
;10;1323;963;0;;
;11;1323;967;0;;
;12;1323;979;0;;
;13;1382;962;0;;
;14;1382;953;0;;
;15;1382;921;0;;
;16;1382;887;0;;
;17;1289;861;0;;
;18;1289;770;0;;
;19;1289;750;0;;
;20;1289;679;0;;
;21;1296;659;0;;
;22;1296;629;0;;
;23;1296;641;0;;
;24;1296;609;0;;
;25;1227;574;0;;
;26;1227;563;0;;
;27;1227;525;0;;
;28;1227;469;0;;
;29;1197;458;0;;
;30;1197;442;0;;
;31;1197;408;0;;
;32;1197;397;0;;
;33;1179;372;0;;
;34;1179;337;0;;
;35;1179;290;0;;
;36;1179;265;0;;
;37;1208;235;0;;
;38;1208;204;0;;
;39;1208;194;0;;
;40;1208;181;0;;
;41;1299;181;0;;
;42;1299;164;0;;
;43;1299;144;0;;
;44;1299;160;0;;
;45;1369;169;0;;
;46;1369;200;0;;
;47;1369;227;0;;
;48;1369;220;0;;
;49;1399;254;0;;
;50;1399;275;0;;
;51;1399;317;0;;
;52;1399;339;0;;
;53;1399;314;0;;
;54;1399;354;0;;
;55;1399;326;0;;
;56;1399;334;0;;
;57;1366;342;0;;
;58;1366;346;0;;
;59;1366;311;0;;
;60;1366;286;0;;
;61;1310;250;0;;
;62;1310;227;0;;
;63;1310;235;0;;
;64;1310;223;0;;
;65;1170;195;0;;
;66;1170;187;0;;
;67;1170;168;0;;
;68;1170;165;0;;
;69;994;153;0;;
;70;994;142;0;;
;71;994;119;0;;
;72;994;100;0;;
;73;804;91;0;;
;74;804;77;0;;
;75;804;70;0;;
;76;804;59;0;;
;77;579;51;0;;
;78;579;71;0;;
;79;579;72;0;;
;80;579;75;0;;
;81;444;92;0;;
;82;444;81;0;;
;83;444;74;0;;
;84;444;78;0;;
;85;358;78;0;;
;86;358;87;0;;
;87;358;95;0;;
;88;358;114;0;;
;89;336;126;0;;
;90;336;139;0;;
;91;336;159;0;;
;92;336;177;0;;
;93;361;184;0;;
;94;361;176;0;;
;95;361;186;0;;
;96;361;210;0;;
2006-04-21;1;349;242;0;;
;2;349;264;0;;
;3;349;271;0;;
;4;349;281;0;;
;5;372;326;0;;
;6;372;352;0;;
;7;372;350;0;;
;8;372;341;0;;
;9;359;338;0;;
;10;359;338;0;;
;11;359;333;0;;
;12;359;352;0;;
;13;344;352;0;;
;14;344;347;0;;
;15;344;364;0;;
;16;344;369;0;;
;17;340;357;0;;
;18;340;364;0;;
;19;340;356;0;;
;20;340;347;0;;
;21;347;322;0;;
;22;347;309;0;;
;23;347;292;0;;
;24;347;274;0;;
;25;361;257;0;;
;26;361;248;0;;
;27;361;246;0;;
;28;361;242;0;;
;29;367;228;0;;
;30;367;201;0;;
;31;367;184;0;;
;32;367;183;0;;
;33;355;182;0;;
;34;355;178;0;;
;35;355;177;0;;
;36;355;152;0;;
;37;343;143;0;;
;38;343;130;0;;
;39;343;108;0;;
;40;343;96;0;;
;41;375;87;0;;
;42;375;67;0;;
;43;375;61;0;;
;44;375;66;0;;
;45;454;66;0;;
;46;454;68;0;;
;47;454;72;0;;
;48;454;73;0;;
;49;571;78;0;;
;50;571;65;0;;
;51;571;56;0;;
;52;571;51;0;;
;53;577;54;0;;
;54;577;75;0;;
;55;577;79;0;;
;56;577;78;0;;
;57;606;93;0;;
;58;606;103;0;;
;59;606;114;0;;
;60;606;121;0;;
;61;562;125;0;;
;62;562;127;0;;
;63;562;137;0;;
;64;562;141;0;;
;65;582;155;0;;
;66;582;140;0;;
;67;582;147;0;;
;68;582;146;0;;
;69;550;148;0;;
;70;550;155;0;;
;71;550;163;0;;
;72;550;171;0;;
;73;467;178;0;;
;74;467;193;0;;
;75;467;200;0;;
;76;467;227;0;;
;77;445;263;0;;
;78;445;235;0;;
;79;445;263;0;;
;80;445;251;0;;
;81;442;265;0;;
;82;442;308;0;;
;83;442;343;0;;
;84;442;387;0;;
;85;453;405;0;;
;86;453;373;0;;
;87;453;394;0;;
;88;453;410;0;;
;89;461;414;0;;
;90;461;384;0;;
;91;461;402;0;;
;92;461;408;0;;
;93;450;393;0;;
;94;450;411;0;;
;95;450;423;0;;
;96;450;427;0;;
2006-04-22;1;213;426;0;;
;2;213;482;0;;
;3;213;578;0;;
;4;213;620;0;;
;5;212;537;0;;
;6;212;507;0;;
;7;212;483;0;;
;8;212;546;0;;
;9;223;644;0;;
;10;223;569;0;;
;11;223;506;0;;
;12;223;539;0;;
;13;235;481;0;;
;14;235;441;0;;
;15;235;434;0;;
;16;235;413;0;;
;17;265;425;0;;
;18;265;446;0;;
;19;265;441;0;;
;20;265;409;0;;
;21;305;407;0;;
;22;305;405;0;;
;23;305;391;0;;
;24;305;381;0;;
;25;286;339;0;;
;26;286;332;0;;
;27;286;329;0;;
;28;286;362;0;;
;29;312;297;0;;
;30;312;292;0;;
;31;312;308;0;;
;32;312;312;0;;
;33;340;306;0;;
;34;340;325;0;;
;35;340;322;0;;
;36;340;310;0;;
;37;391;332;0;;
;38;391;367;0;;
;39;391;366;0;;
;40;391;362;0;;
;41;459;410;0;;
;42;459;430;0;;
;43;459;476;0;;
;44;459;488;0;;
;45;487;487;0;;
;46;487;536;0;;
;47;487;570;0;;
;48;487;604;0;;
;49;561;676;0;;
;50;561;733;0;;
;51;561;800;0;;
;52;561;777;0;;
;53;627;791;0;;
;54;627;860;0;;
;55;627;898;0;;
;56;627;906;0;;
;57;696;914;0;;
;58;696;952;0;;
;59;696;956;0;;
;60;696;962;0;;
;61;706;969;0;;
;62;706;960;0;;
;63;706;1004;0;;
;64;706;1010;0;;
;65;662;987;0;;
;66;662;957;0;;
;67;662;929;0;;
;68;662;895;0;;
;69;685;826;0;;
;70;685;793;0;;
;71;685;731;0;;
;72;685;719;0;;
;73;710;664;0;;
;74;710;603;0;;
;75;710;569;0;;
;76;710;516;0;;
;77;660;474;0;;
;78;660;472;0;;
;79;660;449;0;;
;80;660;437;0;;
;81;581;436;0;;
;82;581;413;0;;
;83;581;373;0;;
;84;581;366;0;;
;85;509;350;0;;
;86;509;346;0;;
;87;509;336;0;;
;88;509;349;0;;
;89;478;339;0;;
;90;478;326;0;;
;91;478;310;0;;
;92;478;270;0;;
;93;469;246;0;;
;94;469;224;0;;
;95;469;191;0;;
;96;469;171;0;;
2006-04-23;1;478;151;0;;
;2;478;157;0;;
;3;478;164;0;;
;4;478;179;0;;
;5;455;189;0;;
;6;455;174;0;;
;7;455;175;0;;
;8;455;161;0;;
;9;432;158;0;;
;10;432;150;0;;
;11;432;147;0;;
;12;432;134;0;;
;13;404;114;0;;
;14;404;98;0;;
;15;404;102;0;;
;16;404;88;0;;
;17;381;82;0;;
;18;381;87;0;;
;19;381;90;0;;
;20;381;88;0;;
;21;370;88;0;;
;22;370;90;0;;
;23;370;84;0;;
;24;370;84;0;;
;25;378;81;0;;
;26;378;92;0;;
;27;378;90;0;;
;28;378;91;0;;
;29;396;105;0;;
;30;396;103;0;;
;31;396;94;0;;
;32;396;82;0;;
;33;389;85;0;;
;34;389;87;0;;
;35;389;92;0;;
;36;389;102;0;;
;37;380;100;0;;
;38;380;105;0;;
;39;380;96;0;;
;40;380;82;0;;
;41;394;83;0;;
;42;394;108;0;;
;43;394;119;0;;
;44;394;101;0;;
;45;453;84;0;;
;46;453;75;0;;
;47;453;72;0;;
;48;453;64;0;;
;49;472;71;0;;
;50;472;81;0;;
;51;472;85;0;;
;52;472;95;0;;
;53;504;98;0;;
;54;504;110;0;;
;55;504;108;0;;
;56;504;101;0;;
;57;541;104;0;;
;58;541;110;0;;
;59;541;117;0;;
;60;541;140;0;;
;61;556;183;0;;
;62;556;197;0;;
;63;556;191;0;;
;64;556;195;0;;
;65;523;204;0;;
;66;523;241;0;;
;67;523;260;0;;
;68;523;261;0;;
;69;504;249;0;;
;70;504;227;0;;
;71;504;190;0;;
;72;504;180;0;;
;73;475;179;0;;
;74;475;180;0;;
;75;475;180;0;;
;76;475;167;0;;
;77;483;144;0;;
;78;483;163;0;;
;79;483;154;0;;
;80;483;155;0;;
;81;525;122;0;;
;82;525;135;0;;
;83;525;133;0;;
;84;525;123;0;;
;85;588;114;0;;
;86;588;114;0;;
;87;588;107;0;;
;88;588;110;0;;
;89;630;113;0;;
;90;630;108;0;;
;91;630;99;0;;
;92;630;100;0;;
;93;621;102;0;;
;94;621;86;0;;
;95;621;78;0;;
;96;621;89;0;;
2006-04-24;1;247;80;0;;
;2;247;76;0;;
;3;247;71;0;;
;4;247;56;0;;
;5;230;62;0;;
;6;230;74;0;;
;7;230;70;0;;
;8;230;57;0;;
;9;219;51;0;;
;10;219;50;0;;
;11;219;51;0;;
;12;219;49;0;;
;13;213;52;0;;
;14;213;49;0;;
;15;213;41;0;;
;16;213;38;0;;
;17;212;33;0;;
;18;212;32;0;;
;19;212;32;0;;
;20;212;32;0;;
;21;206;32;0;;
;22;206;31;0;;
;23;206;31;0;;
;24;206;33;0;;
;25;212;35;0;;
;26;212;37;0;;
;27;212;37;0;;
;28;212;43;0;;
;29;210;47;0;;
;30;210;52;0;;
;31;210;55;0;;
;32;210;46;0;;
;33;220;39;0;;
;34;220;37;0;;
;35;220;38;0;;
;36;220;34;0;;
;37;245;32;0;;
;38;245;32;0;;
;39;245;31;0;;
;40;245;29;0;;
;41;271;29;0;;
;42;271;31;0;;
;43;271;40;0;;
;44;271;38;0;;
;45;303;36;0;;
;46;303;35;0;;
;47;303;34;0;;
;48;303;36;0;;
;49;352;36;0;;
;50;352;38;0;;
;51;352;41;0;;
;52;352;41;0;;
;53;392;43;0;;
;54;392;44;0;;
;55;392;42;0;;
;56;392;44;0;;
;57;441;40;0;;
;58;441;42;0;;
;59;441;40;0;;
;60;441;42;0;;
;61;457;41;0;;
;62;457;39;0;;
;63;457;41;0;;
;64;457;41;0;;
;65;477;46;0;;
;66;477;43;0;;
;67;477;50;0;;
;68;477;59;0;;
;69;479;72;0;;
;70;479;86;0;;
;71;479;94;0;;
;72;479;111;0;;
;73;431;121;0;;
;74;431;127;0;;
;75;431;128;0;;
;76;431;145;0;;
;77;399;178;0;;
;78;399;176;0;;
;79;399;183;0;;
;80;399;204;0;;
;81;369;248;0;;
;82;369;306;0;;
;83;369;352;0;;
;84;369;394;0;;
;85;396;476;0;;
;86;396;573;0;;
;87;396;638;0;;
;88;396;672;0;;
;89;412;740;0;;
;90;412;774;0;;
;91;412;826;0;;
;92;412;884;0;;
;93;432;943;0;;
;94;432;971;0;;
;95;432;989;0;;
;96;432;971;0;;
2006-04-25;1;544;916;0;;
;2;544;880;0;;
;3;544;885;0;;
;4;544;940;0;;
;5;563;973;0;;
;6;563;1020;0;;
;7;563;1098;0;;
;8;563;1173;0;;
;9;594;1201;0;;
;10;594;1231;0;;
;11;594;1176;0;;
;12;594;1139;0;;
;13;618;1163;0;;
;14;618;1110;0;;
;15;618;1041;0;;
;16;618;1029;0;;
;17;627;1004;0;;
;18;627;960;0;;
;19;627;912;0;;
;20;627;876;0;;
;21;629;839;0;;
;22;629;837;0;;
;23;629;823;0;;
;24;629;761;0;;
;25;657;740;0;;
;26;657;737;0;;
;27;657;698;0;;
;28;657;703;0;;
;29;687;674;0;;
;30;687;615;0;;
;31;687;615;0;;
;32;687;588;0;;
;33;661;548;0;;
;34;661;470;0;;
;35;661;366;0;;
;36;661;297;0;;
;37;638;236;0;;
;38;638;175;0;;
;39;638;161;0;;
;40;638;141;0;;
;41;727;128;0;;
;42;727;108;0;;
;43;727;97;0;;
;44;727;93;0;;
;45;884;112;0;;
;46;884;144;0;;
;47;884;144;0;;
;48;884;155;0;;
;49;1021;168;0;;
;50;1021;170;0;;
;51;1021;194;0;;
;52;1021;198;0;;
;53;1082;212;0;;
;54;1082;216;0;;
;55;1082;205;0;;
;56;1082;209;0;;
;57;1040;219;0;;
;58;1040;222;0;;
;59;1040;210;0;;
;60;1040;212;0;;
;61;977;230;0;;
;62;977;259;0;;
;63;977;289;0;;
;64;977;267;0;;
;65;933;260;0;;
;66;933;240;0;;
;67;933;202;0;;
;68;933;227;0;;
;69;837;215;0;;
;70;837;205;0;;
;71;837;222;0;;
;72;837;234;0;;
;73;694;233;0;;
;74;694;226;0;;
;75;694;240;0;;
;76;694;253;0;;
;77;606;292;0;;
;78;606;335;0;;
;79;606;320;0;;
;80;606;369;0;;
;81;544;430;0;;
;82;544;529;0;;
;83;544;586;0;;
;84;544;632;0;;
;85;522;574;0;;
;86;522;612;0;;
;87;522;523;0;;
;88;522;452;0;;
;89;466;379;0;;
;90;466;331;0;;
;91;466;347;0;;
;92;466;408;0;;
;93;442;388;0;;
;94;442;381;0;;
;95;442;347;0;;
;96;442;304;0;;
2006-04-26;1;233;283;0;;
;2;233;294;0;;
;3;233;293;0;;
;4;233;297;0;;
;5;235;302;0;;
;6;235;297;0;;
;7;235;303;0;;
;8;235;278;0;;
;9;220;318;0;;
;10;220;335;0;;
;11;220;354;0;;
;12;220;377;0;;
;13;210;410;0;;
;14;210;408;0;;
;15;210;424;0;;
;16;210;442;0;;
;17;218;453;0;;
;18;218;432;0;;
;19;218;417;0;;
;20;218;410;0;;
;21;226;395;0;;
;22;226;371;0;;
;23;226;368;0;;
;24;226;361;0;;
;25;239;326;0;;
;26;239;309;0;;
;27;239;297;0;;
;28;239;276;0;;
;29;253;262;0;;
;30;253;274;0;;
;31;253;267;0;;
;32;253;225;0;;
;33;250;206;0;;
;34;250;184;0;;
;35;250;148;0;;
;36;250;150;0;;
;37;263;127;0;;
;38;263;103;0;;
;39;263;109;0;;
;40;263;97;0;;
;41;310;74;0;;
;42;310;77;0;;
;43;310;81;0;;
;44;310;60;0;;
;45;387;65;0;;
;46;387;81;0;;
;47;387;81;0;;
;48;387;71;0;;
;49;481;74;0;;
;50;481;69;0;;
;51;481;67;0;;
;52;481;85;0;;
;53;553;82;0;;
;54;553;78;0;;
;55;553;77;0;;
;56;553;79;0;;
;57;606;89;0;;
;58;606;87;0;;
;59;606;91;0;;
;60;606;105;0;;
;61;643;121;0;;
;62;643;121;0;;
;63;643;142;0;;
;64;643;156;0;;
;65;681;170;0;;
;66;681;168;0;;
;67;681;152;0;;
;68;681;162;0;;
;69;742;159;0;;
;70;742;145;0;;
;71;742;148;0;;
;72;742;158;0;;
;73;779;179;0;;
;74;779;180;0;;
;75;779;216;0;;
;76;779;231;0;;
;77;732;226;0;;
;78;732;214;0;;
;79;732;209;0;;
;80;732;197;0;;
;81;607;215;0;;
;82;607;228;0;;
;83;607;211;0;;
;84;607;244;0;;
;85;500;290;0;;
;86;500;308;0;;
;87;500;318;0;;
;88;500;315;0;;
;89;425;318;0;;
;90;425;317;0;;
;91;425;291;0;;
;92;425;291;0;;
;93;399;292;0;;
;94;399;280;0;;
;95;399;254;0;;
;96;399;242;0;;
2006-04-27;1;504;242;0;;
;2;504;270;0;;
;3;504;257;0;;
;4;504;277;0;;
;5;525;291;0;;
;6;525;299;0;;
;7;525;274;0;;
;8;525;280;0;;
;9;514;333;0;;
;10;514;365;0;;
;11;514;336;0;;
;12;514;313;0;;
;13;509;333;0;;
;14;509;362;0;;
;15;509;336;0;;
;16;509;293;0;;
;17;494;313;0;;
;18;494;331;0;;
;19;494;343;0;;
;20;494;369;0;;
;21;521;363;0;;
;22;521;368;0;;
;23;521;361;0;;
;24;521;358;0;;
;25;567;360;0;;
;26;567;352;0;;
;27;567;364;0;;
;28;567;417;0;;
;29;603;453;0;;
;30;603;445;0;;
;31;603;435;0;;
;32;603;435;0;;
;33;637;421;0;;
;34;637;393;0;;
;35;637;341;0;;
;36;637;346;0;;
;37;796;375;0;;
;38;796;404;0;;
;39;796;407;0;;
;40;796;409;0;;
;41;900;405;0;;
;42;900;421;0;;
;43;900;415;0;;
;44;900;419;0;;
;45;1014;406;0;;
;46;1014;412;0;;
;47;1014;416;0;;
;48;1014;398;0;;
;49;1167;425;0;;
;50;1167;421;0;;
;51;1167;430;0;;
;52;1167;433;0;;
;53;1276;435;0;;
;54;1276;468;0;;
;55;1276;507;0;;
;56;1276;564;0;;
;57;1490;602;0;;
;58;1490;634;0;;
;59;1490;666;0;;
;60;1490;703;0;;
;61;1685;760;0;;
;62;1685;805;0;;
;63;1685;910;0;;
;64;1685;933;0;;
;65;1793;900;0;;
;66;1793;954;0;;
;67;1793;1019;0;;
;68;1793;1048;0;;
;69;1758;1089;0;;
;70;1758;1147;0;;
;71;1758;1103;0;;
;72;1758;1064;0;;
;73;1721;1076;0;;
;74;1721;1027;0;;
;75;1721;949;0;;
;76;1721;887;0;;
;77;1589;889;0;;
;78;1589;853;0;;
;79;1589;779;0;;
;80;1589;787;0;;
;81;1394;770;0;;
;82;1394;762;0;;
;83;1394;756;0;;
;84;1394;719;0;;
;85;1185;747;0;;
;86;1185;779;0;;
;87;1185;769;0;;
;88;1185;762;0;;
;89;1013;774;0;;
;90;1013;818;0;;
;91;1013;840;0;;
;92;1013;799;0;;
;93;886;816;0;;
;94;886;799;0;;
;95;886;800;0;;
;96;886;832;0;;
2006-04-28;1;838;799;0;;
;2;838;742;0;;
;3;838;694;0;;
;4;838;686;0;;
;5;761;727;0;;
;6;761;766;0;;
;7;761;777;0;;
;8;761;802;0;;
;9;689;823;0;;
;10;689;819;0;;
;11;689;786;0;;
;12;689;767;0;;
;13;628;726;0;;
;14;628;692;0;;
;15;628;618;0;;
;16;628;546;0;;
;17;582;504;0;;
;18;582;480;0;;
;19;582;445;0;;
;20;582;425;0;;
;21;597;435;0;;
;22;597;445;0;;
;23;597;423;0;;
;24;597;410;0;;
;25;631;388;0;;
;26;631;382;0;;
;27;631;355;0;;
;28;631;327;0;;
;29;717;313;0;;
;30;717;302;0;;
;31;717;276;0;;
;32;717;267;0;;
;33;794;253;0;;
;34;794;221;0;;
;35;794;179;0;;
;36;794;170;0;;
;37;951;173;0;;
;38;951;176;0;;
;39;951;190;0;;
;40;951;180;0;;
;41;1169;192;0;;
;42;1169;227;0;;
;43;1169;260;0;;
;44;1169;265;0;;
;45;1430;274;0;;
;46;1430;318;0;;
;47;1430;348;0;;
;48;1430;385;0;;
;49;1681;435;0;;
;50;1681;484;0;;
;51;1681;522;0;;
;52;1681;559;0;;
;53;1922;604;0;;
;54;1922;638;0;;
;55;1922;668;0;;
;56;1922;693;0;;
;57;2101;749;0;;
;58;2101;740;0;;
;59;2101;809;0;;
;60;2101;936;0;;
;61;2193;999;0;;
;62;2193;1048;0;;
;63;2193;989;0;;
;64;2193;1129;0;;
;65;2257;1141;0;;
;66;2257;1210;0;;
;67;2257;1200;0;;
;68;2257;1339;0;;
;69;2226;1378;0;;
;70;2226;1580;0;;
;71;2226;1552;0;;
;72;2226;1622;0;;
;73;2141;1837;0;;
;74;2141;1828;0;;
;75;2141;1856;0;;
;76;2141;1918;0;;
;77;1986;1773;0;;
;78;1986;1725;0;;
;79;1986;1732;0;;
;80;1986;1863;0;;
;81;1752;1863;0;;
;82;1752;1966;0;;
;83;1752;1933;0;;
;84;1752;1789;0;;
;85;1447;1690;0;;
;86;1447;1566;0;;
;87;1447;1432;0;;
;88;1447;1389;0;;
;89;1152;1311;0;;
;90;1152;1243;0;;
;91;1152;1190;0;;
;92;1152;1138;0;;
;93;965;1118;0;;
;94;965;1109;0;;
;95;965;1236;0;;
;96;965;1212;0;;
2006-04-29;1;1246;1175;0;;
;2;1246;1286;0;;
;3;1246;1308;0;;
;4;1246;1397;0;;
;5;1139;1356;0;;
;6;1139;1298;0;;
;7;1139;1206;0;;
;8;1139;1252;0;;
;9;1053;1325;0;;
;10;1053;1284;0;;
;11;1053;1161;0;;
;12;1053;1092;0;;
;13;1083;1088;0;;
;14;1083;1122;0;;
;15;1083;1076;0;;
;16;1083;1101;0;;
;17;1056;1169;0;;
;18;1056;1144;0;;
;19;1056;1099;0;;
;20;1056;1168;0;;
;21;1060;1165;0;;
;22;1060;1026;0;;
;23;1060;853;0;;
;24;1060;799;0;;
;25;1017;804;0;;
;26;1017;731;0;;
;27;1017;694;0;;
;28;1017;704;0;;
;29;1053;660;0;;
;30;1053;560;0;;
;31;1053;545;0;;
;32;1053;532;0;;
;33;1106;648;0;;
;34;1106;644;0;;
;35;1106;699;0;;
;36;1106;695;0;;
;37;1217;744;0;;
;38;1217;654;0;;
;39;1217;553;0;;
;40;1217;591;0;;
;41;1291;734;0;;
;42;1291;608;0;;
;43;1291;554;0;;
;44;1291;660;0;;
;45;1366;652;0;;
;46;1366;791;0;;
;47;1366;784;0;;
;48;1366;807;0;;
;49;1444;830;0;;
;50;1444;891;0;;
;51;1444;988;0;;
;52;1444;1013;0;;
;53;1456;970;0;;
;54;1456;1014;0;;
;55;1456;1146;0;;
;56;1456;1077;0;;
;57;1451;1072;0;;
;58;1451;1113;0;;
;59;1451;1180;0;;
;60;1451;1157;0;;
;61;1384;1129;0;;
;62;1384;1194;0;;
;63;1384;1149;0;;
;64;1384;1183;0;;
;65;1323;1106;0;;
;66;1323;1088;0;;
;67;1323;1121;0;;
;68;1323;1249;0;;
;69;1252;1251;0;;
;70;1252;1221;0;;
;71;1252;1215;0;;
;72;1252;1077;0;;
;73;1149;1094;0;;
;74;1149;1008;0;;
;75;1149;968;0;;
;76;1149;927;0;;
;77;988;970;0;;
;78;988;947;0;;
;79;988;961;0;;
;80;988;851;0;;
;81;771;777;0;;
;82;771;863;0;;
;83;771;692;0;;
;84;771;588;0;;
;85;592;574;0;;
;86;592;583;0;;
;87;592;569;0;;
;88;592;532;0;;
;89;458;486;0;;
;90;458;482;0;;
;91;458;509;0;;
;92;458;512;0;;
;93;414;464;0;;
;94;414;418;0;;
;95;414;435;0;;
;96;414;438;0;;
2006-04-30;1;411;484;0;;
;2;411;531;0;;
;3;411;548;0;;
;4;411;538;0;;
;5;368;529;0;;
;6;368;560;0;;
;7;368;551;0;;
;8;368;498;0;;
;9;360;488;0;;
;10;360;415;0;;
;11;360;428;0;;
;12;360;434;0;;
;13;360;443;0;;
;14;360;464;0;;
;15;360;498;0;;
;16;360;518;0;;
;17;369;519;0;;
;18;369;547;0;;
;19;369;518;0;;
;20;369;480;0;;
;21;375;491;0;;
;22;375;468;0;;
;23;375;456;0;;
;24;375;496;0;;
;25;427;513;0;;
;26;427;520;0;;
;27;427;553;0;;
;28;427;542;0;;
;29;479;532;0;;
;30;479;532;0;;
;31;479;514;0;;
;32;479;498;0;;
;33;558;464;0;;
;34;558;473;0;;
;35;558;515;0;;
;36;558;547;0;;
;37;637;530;0;;
;38;637;552;0;;
;39;637;560;0;;
;40;637;641;0;;
;41;726;702;0;;
;42;726;773;0;;
;43;726;829;0;;
;44;726;871;0;;
;45;798;853;0;;
;46;798;849;0;;
;47;798;885;0;;
;48;798;930;0;;
;49;850;976;0;;
;50;850;958;0;;
;51;850;885;0;;
;52;850;813;0;;
;53;897;887;0;;
;54;897;792;0;;
;55;897;793;0;;
;56;897;747;0;;
;57;926;742;0;;
;58;926;658;0;;
;59;926;617;0;;
;60;926;610;0;;
;61;918;598;0;;
;62;918;650;0;;
;63;918;818;0;;
;64;918;802;0;;
;65;863;624;0;;
;66;863;544;0;;
;67;863;595;0;;
;68;863;733;0;;
;69;822;704;0;;
;70;822;631;0;;
;71;822;612;0;;
;72;822;671;0;;
;73;746;841;0;;
;74;746;747;0;;
;75;746;614;0;;
;76;746;431;0;;
;77;625;358;0;;
;78;625;404;0;;
;79;625;539;0;;
;80;625;571;0;;
;81;494;442;0;;
;82;494;382;0;;
;83;494;406;0;;
;84;494;356;0;;
;85;425;314;0;;
;86;425;301;0;;
;87;425;294;0;;
;88;425;313;0;;
;89;425;266;0;;
;90;425;284;0;;
;91;425;300;0;;
;92;425;307;0;;
;93;441;333;0;;
;94;441;348;0;;
;95;441;406;0;;
;96;441;440;0;;
