Photovoltaikenergieeinspeisung in Gesamt;;;;
2010 März;;;;
;;;;
Datum;Position;prognostiziert [MW];tatsächlich [MW];
2010-03-01;1;0;0;
;2;0;0;
;3;0;0;
;4;0;0;
;5;0;0;
;6;0;0;
;7;0;0;
;8;0;0;
;9;0;0;
;10;0;0;
;11;0;0;
;12;0;0;
;13;0;0;
;14;0;0;
;15;0;0;
;16;0;0;
;17;0;0;
;18;0;0;
;19;0;0;
;20;0;0;
;21;0;0;
;22;0;0;
;23;0;0;
;24;0;0;
;25;0;0;
;26;0;0;
;27;0;0;
;28;0;0;
;29;58;12;
;30;58;66;
;31;58;139;
;32;58;252;
;33;320;399;
;34;320;512;
;35;320;716;
;36;320;889;
;37;764;1021;
;38;764;1028;
;39;764;1037;
;40;764;1077;
;41;1237;1128;
;42;1237;1206;
;43;1237;1234;
;44;1237;1326;
;45;1600;1370;
;46;1600;1527;
;47;1600;1571;
;48;1600;1560;
;49;1764;1664;
;50;1764;1584;
;51;1764;1613;
;52;1764;1744;
;53;1671;1798;
;54;1671;1673;
;55;1671;1743;
;56;1671;1718;
;57;1323;1628;
;58;1323;1567;
;59;1323;1516;
;60;1323;1342;
;61;780;1215;
;62;780;1137;
;63;780;1013;
;64;780;935;
;65;298;781;
;66;298;666;
;67;298;492;
;68;298;342;
;69;39;233;
;70;39;121;
;71;39;37;
;72;39;9;
;73;0;1;
;74;0;5;
;75;0;0;
;76;0;0;
;77;0;0;
;78;0;0;
;79;0;0;
;80;0;0;
;81;0;0;
;82;0;0;
;83;0;0;
;84;0;0;
;85;0;0;
;86;0;0;
;87;0;0;
;88;0;0;
;89;0;0;
;90;0;0;
;91;0;0;
;92;0;0;
;93;0;0;
;94;0;0;
;95;0;0;
;96;0;0;
2010-03-02;1;0;0;
;2;0;0;
;3;0;0;
;4;0;0;
;5;0;0;
;6;0;0;
;7;0;0;
;8;0;0;
;9;0;0;
;10;0;0;
;11;0;0;
;12;0;0;
;13;0;0;
;14;0;0;
;15;0;0;
;16;0;0;
;17;0;0;
;18;0;0;
;19;0;0;
;20;0;0;
;21;0;0;
;22;0;0;
;23;0;0;
;24;0;0;
;25;0;0;
;26;0;0;
;27;0;0;
;28;0;0;
;29;41;4;
;30;41;26;
;31;41;69;
;32;41;135;
;33;259;225;
;34;259;329;
;35;259;411;
;36;259;493;
;37;551;586;
;38;551;725;
;39;551;841;
;40;551;964;
;41;895;999;
;42;895;1115;
;43;895;1171;
;44;895;1190;
;45;1178;1171;
;46;1178;1216;
;47;1178;1273;
;48;1178;1256;
;49;1216;1201;
;50;1216;1072;
;51;1216;1021;
;52;1216;1061;
;53;1032;1030;
;54;1032;922;
;55;1032;773;
;56;1032;706;
;57;742;694;
;58;742;649;
;59;742;588;
;60;742;529;
;61;467;498;
;62;467;455;
;63;467;436;
;64;467;357;
;65;227;340;
;66;227;282;
;67;227;202;
;68;227;153;
;69;33;107;
;70;33;60;
;71;33;24;
;72;33;14;
;73;0;7;
;74;0;9;
;75;0;0;
;76;0;0;
;77;0;0;
;78;0;0;
;79;0;0;
;80;0;0;
;81;0;0;
;82;0;0;
;83;0;0;
;84;0;0;
;85;0;0;
;86;0;0;
;87;0;0;
;88;0;0;
;89;0;0;
;90;0;0;
;91;0;0;
;92;0;0;
;93;0;0;
;94;0;0;
;95;0;0;
;96;0;0;
2010-03-03;1;0;0;
;2;0;0;
;3;0;0;
;4;0;0;
;5;0;0;
;6;0;0;
;7;0;0;
;8;0;0;
;9;0;0;
;10;0;0;
;11;0;0;
;12;0;0;
;13;0;0;
;14;0;0;
;15;0;0;
;16;0;0;
;17;0;0;
;18;0;0;
;19;0;0;
;20;0;0;
;21;0;0;
;22;0;0;
;23;0;0;
;24;0;0;
;25;1;0;
;26;1;0;
;27;1;0;
;28;1;1;
;29;121;7;
;30;121;29;
;31;121;74;
;32;121;131;
;33;529;204;
;34;529;307;
;35;529;395;
;36;529;491;
;37;1124;605;
;38;1124;711;
;39;1124;860;
;40;1124;966;
;41;1722;1054;
;42;1722;1139;
;43;1722;1187;
;44;1722;1335;
;45;2148;1422;
;46;2148;1528;
;47;2148;1603;
;48;2148;1791;
;49;2273;1870;
;50;2273;2007;
;51;2273;1948;
;52;2273;1990;
;53;2074;1989;
;54;2074;1877;
;55;2074;1840;
;56;2074;1814;
;57;1599;1702;
;58;1599;1612;
;59;1599;1508;
;60;1599;1414;
;61;967;1290;
;62;967;1176;
;63;967;1048;
;64;967;897;
;65;403;744;
;66;403;579;
;67;403;400;
;68;403;261;
;69;57;161;
;70;57;89;
;71;57;36;
;72;57;13;
;73;0;5;
;74;0;9;
;75;0;0;
;76;0;0;
;77;0;0;
;78;0;0;
;79;0;0;
;80;0;0;
;81;0;0;
;82;0;0;
;83;0;0;
;84;0;0;
;85;0;0;
;86;0;0;
;87;0;0;
;88;0;0;
;89;0;0;
;90;0;0;
;91;0;0;
;92;0;0;
;93;0;0;
;94;0;0;
;95;0;0;
;96;0;0;
2010-03-04;1;0;0;
;2;0;0;
;3;0;0;
;4;0;0;
;5;0;0;
;6;0;0;
;7;0;0;
;8;0;0;
;9;0;0;
;10;0;0;
;11;0;0;
;12;0;0;
;13;0;0;
;14;0;0;
;15;0;0;
;16;0;0;
;17;0;0;
;18;0;0;
;19;0;0;
;20;0;0;
;21;0;0;
;22;0;0;
;23;0;0;
;24;0;0;
;25;0;0;
;26;0;0;
;27;0;0;
;28;0;0;
;29;53;9;
;30;53;46;
;31;53;112;
;32;53;214;
;33;338;359;
;34;338;470;
;35;338;608;
;36;338;769;
;37;814;871;
;38;814;1001;
;39;814;1118;
;40;814;1196;
;41;1310;1295;
;42;1310;1396;
;43;1310;1420;
;44;1310;1513;
;45;1678;1505;
;46;1678;1646;
;47;1678;1774;
;48;1678;1923;
;49;1774;1886;
;50;1774;1817;
;51;1774;1812;
;52;1774;1780;
;53;1626;1632;
;54;1626;1609;
;55;1626;1547;
;56;1626;1497;
;57;1279;1512;
;58;1279;1377;
;59;1279;1234;
;60;1279;1111;
;61;803;938;
;62;803;893;
;63;803;762;
;64;803;646;
;65;338;551;
;66;338;480;
;67;338;382;
;68;338;244;
;69;62;170;
;70;62;88;
;71;62;41;
;72;62;14;
;73;1;9;
;74;1;18;
;75;1;0;
;76;1;0;
;77;0;0;
;78;0;0;
;79;0;0;
;80;0;0;
;81;0;0;
;82;0;0;
;83;0;0;
;84;0;0;
;85;0;0;
;86;0;0;
;87;0;0;
;88;0;0;
;89;0;0;
;90;0;0;
;91;0;0;
;92;0;0;
;93;0;0;
;94;0;0;
;95;0;0;
;96;0;0;
2010-03-05;1;0;0;
;2;0;0;
;3;0;0;
;4;0;0;
;5;0;0;
;6;0;0;
;7;0;0;
;8;0;0;
;9;0;0;
;10;0;0;
;11;0;0;
;12;0;0;
;13;0;0;
;14;0;0;
;15;0;0;
;16;0;0;
;17;0;0;
;18;0;0;
;19;0;0;
;20;0;0;
;21;0;0;
;22;0;0;
;23;0;0;
;24;0;0;
;25;3;0;
;26;3;0;
;27;3;0;
;28;3;2;
;29;119;32;
;30;119;107;
;31;119;225;
;32;119;390;
;33;516;535;
;34;516;740;
;35;516;891;
;36;516;1044;
;37;1059;1205;
;38;1059;1284;
;39;1059;1387;
;40;1059;1450;
;41;1505;1582;
;42;1505;1615;
;43;1505;1604;
;44;1505;1459;
;45;1738;1429;
;46;1738;1491;
;47;1738;1549;
;48;1738;1649;
;49;1721;1542;
;50;1721;1617;
;51;1721;1655;
;52;1721;1763;
;53;1492;1613;
;54;1492;1669;
;55;1492;1571;
;56;1492;1539;
;57;1118;1495;
;58;1118;1498;
;59;1118;1424;
;60;1118;1391;
;61;689;1173;
;62;689;1214;
;63;689;1156;
;64;689;971;
;65;278;837;
;66;278;717;
;67;278;593;
;68;278;444;
;69;41;252;
;70;41;149;
;71;41;79;
;72;41;25;
;73;0;9;
;74;0;15;
;75;0;0;
;76;0;0;
;77;0;0;
;78;0;0;
;79;0;0;
;80;0;0;
;81;0;0;
;82;0;0;
;83;0;0;
;84;0;0;
;85;0;0;
;86;0;0;
;87;0;0;
;88;0;0;
;89;0;0;
;90;0;0;
;91;0;0;
;92;0;0;
;93;0;0;
;94;0;0;
;95;0;0;
;96;0;0;
2010-03-06;1;0;0;
;2;0;0;
;3;0;0;
;4;0;0;
;5;0;0;
;6;0;0;
;7;0;0;
;8;0;0;
;9;0;0;
;10;0;0;
;11;0;0;
;12;0;0;
;13;0;0;
;14;0;0;
;15;0;0;
;16;0;0;
;17;0;0;
;18;0;0;
;19;0;0;
;20;0;0;
;21;0;0;
;22;0;0;
;23;0;0;
;24;0;0;
;25;4;0;
;26;4;0;
;27;4;0;
;28;4;0;
;29;82;2;
;30;82;19;
;31;82;31;
;32;82;36;
;33;362;48;
;34;362;70;
;35;362;97;
;36;362;129;
;37;816;164;
;38;816;204;
;39;816;244;
;40;816;303;
;41;1324;367;
;42;1324;407;
;43;1324;453;
;44;1324;511;
;45;1755;557;
;46;1755;612;
;47;1755;706;
;48;1755;739;
;49;1903;816;
;50;1903;786;
;51;1903;806;
;52;1903;817;
;53;1801;803;
;54;1801;745;
;55;1801;704;
;56;1801;659;
;57;1465;741;
;58;1465;683;
;59;1465;666;
;60;1465;572;
;61;933;560;
;62;933;518;
;63;933;467;
;64;933;399;
;65;391;333;
;66;391;287;
;67;391;245;
;68;391;202;
;69;67;139;
;70;67;72;
;71;67;42;
;72;67;15;
;73;1;5;
;74;1;11;
;75;1;0;
;76;1;0;
;77;0;0;
;78;0;0;
;79;0;0;
;80;0;0;
;81;0;0;
;82;0;0;
;83;0;0;
;84;0;0;
;85;0;0;
;86;0;0;
;87;0;0;
;88;0;0;
;89;0;0;
;90;0;0;
;91;0;0;
;92;0;0;
;93;0;0;
;94;0;0;
;95;0;0;
;96;0;0;
2010-03-07;1;0;0;
;2;0;0;
;3;0;0;
;4;0;0;
;5;0;0;
;6;0;0;
;7;0;0;
;8;0;0;
;9;0;0;
;10;0;0;
;11;0;0;
;12;0;0;
;13;0;0;
;14;0;0;
;15;0;0;
;16;0;0;
;17;0;0;
;18;0;0;
;19;0;0;
;20;0;0;
;21;0;0;
;22;0;0;
;23;0;0;
;24;0;0;
;25;6;0;
;26;6;0;
;27;6;0;
;28;6;1;
;29;178;13;
;30;178;43;
;31;178;96;
;32;178;160;
;33;696;229;
;34;696;316;
;35;696;414;
;36;696;509;
;37;1365;615;
;38;1365;725;
;39;1365;855;
;40;1365;985;
;41;1919;1116;
;42;1919;1221;
;43;1919;1330;
;44;1919;1433;
;45;2245;1499;
;46;2245;1571;
;47;2245;1660;
;48;2245;1737;
;49;2310;1770;
;50;2310;1827;
;51;2310;1890;
;52;2310;1903;
;53;2111;1915;
;54;2111;1918;
;55;2111;1892;
;56;2111;1853;
;57;1679;1827;
;58;1679;1735;
;59;1679;1682;
;60;1679;1588;
;61;1094;1497;
;62;1094;1380;
;63;1094;1237;
;64;1094;1110;
;65;493;963;
;66;493;787;
;67;493;640;
;68;493;483;
;69;104;332;
;70;104;192;
;71;104;104;
;72;104;36;
;73;2;12;
;74;2;16;
;75;2;0;
;76;2;0;
;77;0;0;
;78;0;0;
;79;0;0;
;80;0;0;
;81;0;0;
;82;0;0;
;83;0;0;
;84;0;0;
;85;0;0;
;86;0;0;
;87;0;0;
;88;0;0;
;89;0;0;
;90;0;0;
;91;0;0;
;92;0;0;
;93;0;0;
;94;0;0;
;95;0;0;
;96;0;0;
2010-03-08;1;0;0;
;2;0;0;
;3;0;0;
;4;0;0;
;5;0;0;
;6;0;0;
;7;0;0;
;8;0;0;
;9;0;0;
;10;0;0;
;11;0;0;
;12;0;0;
;13;0;0;
;14;0;0;
;15;0;0;
;16;0;0;
;17;0;0;
;18;0;0;
;19;0;0;
;20;0;0;
;21;0;0;
;22;0;0;
;23;0;0;
;24;0;0;
;25;8;0;
;26;8;0;
;27;8;0;
;28;8;7;
;29;142;49;
;30;142;131;
;31;142;248;
;32;142;383;
;33;603;522;
;34;603;665;
;35;603;812;
;36;603;959;
;37;1074;1078;
;38;1074;1185;
;39;1074;1286;
;40;1074;1404;
;41;1398;1451;
;42;1398;1447;
;43;1398;1535;
;44;1398;1606;
;45;1541;1582;
;46;1541;1671;
;47;1541;1761;
;48;1541;1754;
;49;1577;1678;
;50;1577;1770;
;51;1577;1760;
;52;1577;1657;
;53;1451;1612;
;54;1451;1665;
;55;1451;1578;
;56;1451;1458;
;57;1163;1685;
;58;1163;1572;
;59;1163;1382;
;60;1163;1350;
;61;753;1348;
;62;753;1211;
;63;753;967;
;64;753;832;
;65;321;711;
;66;321;542;
;67;321;454;
;68;321;337;
;69;54;231;
;70;54;139;
;71;54;80;
;72;54;30;
;73;3;6;
;74;3;13;
;75;3;0;
;76;3;0;
;77;0;0;
;78;0;0;
;79;0;0;
;80;0;0;
;81;0;0;
;82;0;0;
;83;0;0;
;84;0;0;
;85;0;0;
;86;0;0;
;87;0;0;
;88;0;0;
;89;0;0;
;90;0;0;
;91;0;0;
;92;0;0;
;93;0;0;
;94;0;0;
;95;0;0;
;96;0;0;
2010-03-09;1;0;0;
;2;0;0;
;3;0;0;
;4;0;0;
;5;0;0;
;6;0;0;
;7;0;0;
;8;0;0;
;9;0;0;
;10;0;0;
;11;0;0;
;12;0;0;
;13;0;0;
;14;0;0;
;15;0;0;
;16;0;0;
;17;0;0;
;18;0;0;
;19;0;0;
;20;0;0;
;21;0;0;
;22;0;0;
;23;0;0;
;24;0;0;
;25;10;0;
;26;10;0;
;27;10;0;
;28;10;6;
;29;176;42;
;30;176;107;
;31;176;202;
;32;176;320;
;33;757;442;
;34;757;593;
;35;757;740;
;36;757;902;
;37;1446;1042;
;38;1446;1174;
;39;1446;1324;
;40;1446;1534;
;41;2001;1569;
;42;2001;1691;
;43;2001;1791;
;44;2001;1813;
;45;2326;1909;
;46;2326;1960;
;47;2326;2062;
;48;2326;2118;
;49;2371;2166;
;50;2371;2222;
;51;2371;2236;
;52;2371;2199;
;53;2156;2102;
;54;2156;2127;
;55;2156;2099;
;56;2156;2073;
;57;1715;2052;
;58;1715;1906;
;59;1715;1888;
;60;1715;1751;
;61;1122;1609;
;62;1122;1457;
;63;1122;1330;
;64;1122;1155;
;65;506;986;
;66;506;794;
;67;506;624;
;68;506;473;
;69;101;335;
;70;101;193;
;71;101;107;
;72;101;49;
;73;4;12;
;74;4;6;
;75;4;0;
;76;4;0;
;77;0;0;
;78;0;0;
;79;0;0;
;80;0;0;
;81;0;0;
;82;0;0;
;83;0;0;
;84;0;0;
;85;0;0;
;86;0;0;
;87;0;0;
;88;0;0;
;89;0;0;
;90;0;0;
;91;0;0;
;92;0;0;
;93;0;0;
;94;0;0;
;95;0;0;
;96;0;0;
2010-03-10;1;0;0;
;2;0;0;
;3;0;0;
;4;0;0;
;5;0;0;
;6;0;0;
;7;0;0;
;8;0;0;
;9;0;0;
;10;0;0;
;11;0;0;
;12;0;0;
;13;0;0;
;14;0;0;
;15;0;0;
;16;0;0;
;17;0;0;
;18;0;0;
;19;0;0;
;20;0;0;
;21;0;0;
;22;0;0;
;23;0;0;
;24;0;0;
;25;9;0;
;26;9;0;
;27;9;0;
;28;9;8;
;29;106;42;
;30;106;97;
;31;106;176;
;32;106;261;
;33;461;366;
;34;461;485;
;35;461;592;
;36;461;710;
;37;971;817;
;38;971;875;
;39;971;973;
;40;971;1060;
;41;1427;1152;
;42;1427;1220;
;43;1427;1288;
;44;1427;1414;
;45;1715;1477;
;46;1715;1562;
;47;1715;1567;
;48;1715;1636;
;49;1709;1672;
;50;1709;1658;
;51;1709;1698;
;52;1709;1717;
;53;1498;1675;
;54;1498;1716;
;55;1498;1651;
;56;1498;1603;
;57;1149;1526;
;58;1149;1527;
;59;1149;1472;
;60;1149;1383;
;61;736;1213;
;62;736;1056;
;63;736;989;
;64;736;862;
;65;339;697;
;66;339;542;
;67;339;389;
;68;339;276;
;69;76;186;
;70;76;104;
;71;76;57;
;72;76;23;
;73;5;9;
;74;5;7;
;75;5;0;
;76;5;0;
;77;0;0;
;78;0;0;
;79;0;0;
;80;0;0;
;81;0;0;
;82;0;0;
;83;0;0;
;84;0;0;
;85;0;0;
;86;0;0;
;87;0;0;
;88;0;0;
;89;0;0;
;90;0;0;
;91;0;0;
;92;0;0;
;93;0;0;
;94;0;0;
;95;0;0;
;96;0;0;
2010-03-11;1;0;0;
;2;0;0;
;3;0;0;
;4;0;0;
;5;0;0;
;6;0;0;
;7;0;0;
;8;0;0;
;9;0;0;
;10;0;0;
;11;0;0;
;12;0;0;
;13;0;0;
;14;0;0;
;15;0;0;
;16;0;0;
;17;0;0;
;18;0;0;
;19;0;0;
;20;0;0;
;21;0;0;
;22;0;0;
;23;0;0;
;24;0;0;
;25;9;0;
;26;9;0;
;27;9;0;
;28;9;0;
;29;91;5;
;30;91;15;
;31;91;33;
;32;91;51;
;33;337;74;
;34;337;103;
;35;337;142;
;36;337;188;
;37;651;243;
;38;651;282;
;39;651;296;
;40;651;324;
;41;934;372;
;42;934;434;
;43;934;473;
;44;934;530;
;45;1128;565;
;46;1128;572;
;47;1128;610;
;48;1128;670;
;49;1193;710;
;50;1193;731;
;51;1193;727;
;52;1193;732;
;53;1134;707;
;54;1134;713;
;55;1134;738;
;56;1134;689;
;57;953;703;
;58;953;668;
;59;953;618;
;60;953;575;
;61;658;527;
;62;658;503;
;63;658;447;
;64;658;399;
;65;330;358;
;66;330;300;
;67;330;217;
;68;330;165;
;69;76;116;
;70;76;77;
;71;76;50;
;72;76;27;
;73;6;16;
;74;6;10;
;75;6;5;
;76;6;0;
;77;0;0;
;78;0;0;
;79;0;0;
;80;0;0;
;81;0;0;
;82;0;0;
;83;0;0;
;84;0;0;
;85;0;0;
;86;0;0;
;87;0;0;
;88;0;0;
;89;0;0;
;90;0;0;
;91;0;0;
;92;0;0;
;93;0;0;
;94;0;0;
;95;0;0;
;96;0;0;
2010-03-12;1;0;0;
;2;0;0;
;3;0;0;
;4;0;0;
;5;0;0;
;6;0;0;
;7;0;0;
;8;0;0;
;9;0;0;
;10;0;0;
;11;0;0;
;12;0;0;
;13;0;0;
;14;0;0;
;15;0;0;
;16;0;0;
;17;0;0;
;18;0;0;
;19;0;0;
;20;0;0;
;21;0;0;
;22;0;0;
;23;0;0;
;24;0;0;
;25;8;0;
;26;8;0;
;27;8;0;
;28;8;2;
;29;96;12;
;30;96;26;
;31;96;38;
;32;96;56;
;33;417;81;
;34;417;102;
;35;417;124;
;36;417;149;
;37;752;191;
;38;752;228;
;39;752;253;
;40;752;301;
;41;995;368;
;42;995;420;
;43;995;471;
;44;995;536;
;45;1118;579;
;46;1118;639;
;47;1118;692;
;48;1118;742;
;49;1114;750;
;50;1114;736;
;51;1114;770;
;52;1114;799;
;53;1006;743;
;54;1006;711;
;55;1006;730;
;56;1006;689;
;57;818;646;
;58;818;624;
;59;818;598;
;60;818;591;
;61;578;551;
;62;578;528;
;63;578;474;
;64;578;394;
;65;302;320;
;66;302;288;
;67;302;238;
;68;302;184;
;69;77;139;
;70;77;86;
;71;77;46;
;72;77;29;
;73;8;8;
;74;8;5;
;75;8;1;
;76;8;0;
;77;0;0;
;78;0;0;
;79;0;0;
;80;0;0;
;81;0;0;
;82;0;0;
;83;0;0;
;84;0;0;
;85;0;0;
;86;0;0;
;87;0;0;
;88;0;0;
;89;0;0;
;90;0;0;
;91;0;0;
;92;0;0;
;93;0;0;
;94;0;0;
;95;0;0;
;96;0;0;
2010-03-13;1;0;0;
;2;0;0;
;3;0;0;
;4;0;0;
;5;0;0;
;6;0;0;
;7;0;0;
;8;0;0;
;9;0;0;
;10;0;0;
;11;0;0;
;12;0;0;
;13;0;0;
;14;0;0;
;15;0;0;
;16;0;0;
;17;0;0;
;18;0;0;
;19;0;0;
;20;0;0;
;21;0;0;
;22;0;0;
;23;0;0;
;24;0;0;
;25;11;0;
;26;11;0;
;27;11;0;
;28;11;2;
;29;100;13;
;30;100;29;
;31;100;53;
;32;100;65;
;33;391;89;
;34;391;122;
;35;391;165;
;36;391;220;
;37;724;265;
;38;724;330;
;39;724;375;
;40;724;398;
;41;985;393;
;42;985;428;
;43;985;473;
;44;985;549;
;45;1144;598;
;46;1144;664;
;47;1144;641;
;48;1144;647;
;49;1215;680;
;50;1215;659;
;51;1215;607;
;52;1215;602;
;53;1178;660;
;54;1178;616;
;55;1178;588;
;56;1178;563;
;57;1010;514;
;58;1010;476;
;59;1010;437;
;60;1010;383;
;61;693;332;
;62;693;284;
;63;693;266;
;64;693;233;
;65;340;197;
;66;340;169;
;67;340;120;
;68;340;89;
;69;81;65;
;70;81;42;
;71;81;23;
;72;81;18;
;73;9;7;
;74;9;4;
;75;9;1;
;76;9;0;
;77;0;0;
;78;0;0;
;79;0;0;
;80;0;0;
;81;0;0;
;82;0;0;
;83;0;0;
;84;0;0;
;85;0;0;
;86;0;0;
;87;0;0;
;88;0;0;
;89;0;0;
;90;0;0;
;91;0;0;
;92;0;0;
;93;0;0;
;94;0;0;
;95;0;0;
;96;0;0;
2010-03-14;1;0;0;
;2;0;0;
;3;0;0;
;4;0;0;
;5;0;0;
;6;0;0;
;7;0;0;
;8;0;0;
;9;0;0;
;10;0;0;
;11;0;0;
;12;0;0;
;13;0;0;
;14;0;0;
;15;0;0;
;16;0;0;
;17;0;0;
;18;0;0;
;19;0;0;
;20;0;0;
;21;0;0;
;22;0;0;
;23;0;0;
;24;0;0;
;25;6;0;
;26;6;0;
;27;6;0;
;28;6;4;
;29;84;13;
;30;84;16;
;31;84;40;
;32;84;70;
;33;310;95;
;34;310;126;
;35;310;170;
;36;310;197;
;37;538;240;
;38;538;292;
;39;538;335;
;40;538;388;
;41;689;442;
;42;689;484;
;43;689;539;
;44;689;584;
;45;769;584;
;46;769;623;
;47;769;659;
;48;769;612;
;49;794;592;
;50;794;622;
;51;794;634;
;52;794;661;
;53;782;677;
;54;782;641;
;55;782;658;
;56;782;623;
;57;715;612;
;58;715;579;
;59;715;513;
;60;715;445;
;61;558;379;
;62;558;322;
;63;558;277;
;64;558;272;
;65;309;264;
;66;309;220;
;67;309;188;
;68;309;143;
;69;80;113;
;70;80;69;
;71;80;40;
;72;80;20;
;73;11;12;
;74;11;8;
;75;11;1;
;76;11;0;
;77;0;0;
;78;0;0;
;79;0;0;
;80;0;0;
;81;0;0;
;82;0;0;
;83;0;0;
;84;0;0;
;85;0;0;
;86;0;0;
;87;0;0;
;88;0;0;
;89;0;0;
;90;0;0;
;91;0;0;
;92;0;0;
;93;0;0;
;94;0;0;
;95;0;0;
;96;0;0;
2010-03-15;1;0;0;
;2;0;0;
;3;0;0;
;4;0;0;
;5;0;0;
;6;0;0;
;7;0;0;
;8;0;0;
;9;0;0;
;10;0;0;
;11;0;0;
;12;0;0;
;13;0;0;
;14;0;0;
;15;0;0;
;16;0;0;
;17;0;0;
;18;0;0;
;19;0;0;
;20;0;0;
;21;0;0;
;22;0;0;
;23;0;0;
;24;0;0;
;25;7;0;
;26;7;0;
;27;7;1;
;28;7;5;
;29;117;15;
;30;117;39;
;31;117;75;
;32;117;122;
;33;474;173;
;34;474;284;
;35;474;355;
;36;474;328;
;37;907;388;
;38;907;415;
;39;907;464;
;40;907;542;
;41;1289;454;
;42;1289;564;
;43;1289;753;
;44;1289;807;
;45;1554;858;
;46;1554;862;
;47;1554;860;
;48;1554;819;
;49;1542;852;
;50;1542;740;
;51;1542;743;
;52;1542;674;
;53;1374;609;
;54;1374;636;
;55;1374;646;
;56;1374;639;
;57;1099;575;
;58;1099;551;
;59;1099;501;
;60;1099;471;
;61;744;470;
;62;744;414;
;63;744;327;
;64;744;307;
;65;370;314;
;66;370;235;
;67;370;198;
;68;370;152;
;69;89;112;
;70;89;70;
;71;89;41;
;72;89;21;
;73;7;8;
;74;7;1;
;75;7;1;
;76;7;0;
;77;0;0;
;78;0;0;
;79;0;0;
;80;0;0;
;81;0;0;
;82;0;0;
;83;0;0;
;84;0;0;
;85;0;0;
;86;0;0;
;87;0;0;
;88;0;0;
;89;0;0;
;90;0;0;
;91;0;0;
;92;0;0;
;93;0;0;
;94;0;0;
;95;0;0;
;96;0;0;
2010-03-16;1;0;0;
;2;0;0;
;3;0;0;
;4;0;0;
;5;0;0;
;6;0;0;
;7;0;0;
;8;0;0;
;9;0;0;
;10;0;0;
;11;0;0;
;12;0;0;
;13;0;0;
;14;0;0;
;15;0;0;
;16;0;0;
;17;0;0;
;18;0;0;
;19;0;0;
;20;0;0;
;21;0;0;
;22;0;0;
;23;0;0;
;24;0;0;
;25;2;0;
;26;2;0;
;27;2;0;
;28;2;3;
;29;71;14;
;30;71;33;
;31;71;65;
;32;71;99;
;33;271;138;
;34;271;180;
;35;271;235;
;36;271;313;
;37;504;370;
;38;504;423;
;39;504;489;
;40;504;503;
;41;714;478;
;42;714;594;
;43;714;664;
;44;714;694;
;45;880;664;
;46;880;725;
;47;880;817;
;48;880;903;
;49;957;956;
;50;957;949;
;51;957;1021;
;52;957;1232;
;53;987;1114;
;54;987;1125;
;55;987;1061;
;56;987;942;
;57;920;1098;
;58;920;867;
;59;920;876;
;60;920;694;
;61;668;734;
;62;668;567;
;63;668;546;
;64;668;457;
;65;363;388;
;66;363;293;
;67;363;255;
;68;363;156;
;69;97;118;
;70;97;77;
;71;97;38;
;72;97;19;
;73;1;6;
;74;1;1;
;75;1;2;
;76;1;0;
;77;0;0;
;78;0;0;
;79;0;0;
;80;0;0;
;81;0;0;
;82;0;0;
;83;0;0;
;84;0;0;
;85;0;0;
;86;0;0;
;87;0;0;
;88;0;0;
;89;0;0;
;90;0;0;
;91;0;0;
;92;0;0;
;93;0;0;
;94;0;0;
;95;0;0;
;96;0;0;
2010-03-17;1;0;0;
;2;0;0;
;3;0;0;
;4;0;0;
;5;0;0;
;6;0;0;
;7;0;0;
;8;0;0;
;9;0;0;
;10;0;0;
;11;0;0;
;12;0;0;
;13;0;0;
;14;0;0;
;15;0;0;
;16;0;0;
;17;0;0;
;18;0;0;
;19;0;0;
;20;0;0;
;21;0;0;
;22;0;0;
;23;0;0;
;24;0;0;
;25;5;0;
;26;5;0;
;27;5;4;
;28;5;28;
;29;163;79;
;30;163;140;
;31;163;189;
;32;163;254;
;33;611;340;
;34;611;437;
;35;611;534;
;36;611;663;
;37;1052;791;
;38;1052;881;
;39;1052;968;
;40;1052;1078;
;41;1360;1134;
;42;1360;1239;
;43;1360;1281;
;44;1360;1404;
;45;1524;1528;
;46;1524;1602;
;47;1524;1587;
;48;1524;1557;
;49;1503;1523;
;50;1503;1558;
;51;1503;1595;
;52;1503;1629;
;53;1382;1650;
;54;1382;1593;
;55;1382;1557;
;56;1382;1478;
;57;1167;1444;
;58;1167;1405;
;59;1167;1339;
;60;1167;1287;
;61;832;1153;
;62;832;1160;
;63;832;1100;
;64;832;917;
;65;442;792;
;66;442;709;
;67;442;578;
;68;442;398;
;69;108;289;
;70;108;176;
;71;108;95;
;72;108;39;
;73;0;14;
;74;0;6;
;75;0;3;
;76;0;0;
;77;0;0;
;78;0;0;
;79;0;0;
;80;0;0;
;81;0;0;
;82;0;0;
;83;0;0;
;84;0;0;
;85;0;0;
;86;0;0;
;87;0;0;
;88;0;0;
;89;0;0;
;90;0;0;
;91;0;0;
;92;0;0;
;93;0;0;
;94;0;0;
;95;0;0;
;96;0;0;
2010-03-18;1;0;0;
;2;0;0;
;3;0;0;
;4;0;0;
;5;0;0;
;6;0;0;
;7;0;0;
;8;0;0;
;9;0;0;
;10;0;0;
;11;0;0;
;12;0;0;
;13;0;0;
;14;0;0;
;15;0;0;
;16;0;0;
;17;0;0;
;18;0;0;
;19;0;0;
;20;0;0;
;21;0;0;
;22;0;0;
;23;0;0;
;24;0;0;
;25;6;0;
;26;6;2;
;27;6;26;
;28;6;85;
;29;193;175;
;30;193;271;
;31;193;371;
;32;193;515;
;33;742;685;
;34;742;867;
;35;742;1005;
;36;742;1178;
;37;1259;1422;
;38;1259;1562;
;39;1259;1686;
;40;1259;1814;
;41;1598;1925;
;42;1598;2034;
;43;1598;2089;
;44;1598;2166;
;45;1735;2228;
;46;1735;2272;
;47;1735;2284;
;48;1735;2312;
;49;1588;2319;
;50;1588;2267;
;51;1588;2253;
;52;1588;2230;
;53;1348;2200;
;54;1348;2169;
;55;1348;2109;
;56;1348;2063;
;57;1075;2010;
;58;1075;1914;
;59;1075;1852;
;60;1075;1685;
;61;775;1571;
;62;775;1482;
;63;775;1330;
;64;775;1153;
;65;418;967;
;66;418;796;
;67;418;621;
;68;418;463;
;69;110;330;
;70;110;199;
;71;110;118;
;72;110;55;
;73;3;18;
;74;3;6;
;75;3;2;
;76;3;0;
;77;0;0;
;78;0;0;
;79;0;0;
;80;0;0;
;81;0;0;
;82;0;0;
;83;0;0;
;84;0;0;
;85;0;0;
;86;0;0;
;87;0;0;
;88;0;0;
;89;0;0;
;90;0;0;
;91;0;0;
;92;0;0;
;93;0;0;
;94;0;0;
;95;0;0;
;96;0;0;
2010-03-19;1;0;0;
;2;0;0;
;3;0;0;
;4;0;0;
;5;0;0;
;6;0;0;
;7;0;0;
;8;0;0;
;9;0;0;
;10;0;0;
;11;0;0;
;12;0;0;
;13;0;0;
;14;0;0;
;15;0;0;
;16;0;0;
;17;0;0;
;18;0;0;
;19;0;0;
;20;0;0;
;21;0;0;
;22;0;0;
;23;0;0;
;24;0;0;
;25;5;0;
;26;5;1;
;27;5;20;
;28;5;76;
;29;129;148;
;30;129;238;
;31;129;266;
;32;129;318;
;33;349;394;
;34;349;455;
;35;349;486;
;36;349;547;
;37;591;609;
;38;591;677;
;39;591;743;
;40;591;839;
;41;816;891;
;42;816;966;
;43;816;1024;
;44;816;1113;
;45;999;1267;
;46;999;1371;
;47;999;1349;
;48;999;1310;
;49;1109;1424;
;50;1109;1438;
;51;1109;1565;
;52;1109;1576;
;53;1142;1610;
;54;1142;1652;
;55;1142;1599;
;56;1142;1626;
;57;1050;1574;
;58;1050;1582;
;59;1050;1498;
;60;1050;1488;
;61;774;1402;
;62;774;1329;
;63;774;1236;
;64;774;1146;
;65;435;1001;
;66;435;856;
;67;435;716;
;68;435;575;
;69;125;410;
;70;125;263;
;71;125;164;
;72;125;80;
;73;3;25;
;74;3;9;
;75;3;4;
;76;3;0;
;77;0;0;
;78;0;0;
;79;0;0;
;80;0;0;
;81;0;0;
;82;0;0;
;83;0;0;
;84;0;0;
;85;0;0;
;86;0;0;
;87;0;0;
;88;0;0;
;89;0;0;
;90;0;0;
;91;0;0;
;92;0;0;
;93;0;0;
;94;0;0;
;95;0;0;
;96;0;0;
2010-03-20;1;0;0;
;2;0;0;
;3;0;0;
;4;0;0;
;5;0;0;
;6;0;0;
;7;0;0;
;8;0;0;
;9;0;0;
;10;0;0;
;11;0;0;
;12;0;0;
;13;0;0;
;14;0;0;
;15;0;0;
;16;0;0;
;17;0;0;
;18;0;0;
;19;0;0;
;20;0;0;
;21;0;0;
;22;0;0;
;23;0;0;
;24;0;0;
;25;0;0;
;26;0;0;
;27;0;3;
;28;0;19;
;29;73;41;
;30;73;62;
;31;73;95;
;32;73;132;
;33;199;193;
;34;199;180;
;35;199;223;
;36;199;281;
;37;332;356;
;38;332;448;
;39;332;569;
;40;332;669;
;41;464;624;
;42;464;620;
;43;464;651;
;44;464;710;
;45;596;698;
;46;596;772;
;47;596;816;
;48;596;770;
;49;722;866;
;50;722;917;
;51;722;913;
;52;722;1035;
;53;814;1075;
;54;814;1143;
;55;814;1136;
;56;814;1078;
;57;819;1202;
;58;819;1154;
;59;819;1145;
;60;819;1098;
;61;631;875;
;62;631;877;
;63;631;734;
;64;631;582;
;65;377;435;
;66;377;380;
;67;377;287;
;68;377;184;
;69;123;151;
;70;123;110;
;71;123;48;
;72;123;18;
;73;2;5;
;74;2;3;
;75;2;1;
;76;2;0;
;77;0;0;
;78;0;0;
;79;0;0;
;80;0;0;
;81;0;0;
;82;0;0;
;83;0;0;
;84;0;0;
;85;0;0;
;86;0;0;
;87;0;0;
;88;0;0;
;89;0;0;
;90;0;0;
;91;0;0;
;92;0;0;
;93;0;0;
;94;0;0;
;95;0;0;
;96;0;0;
2010-03-21;1;0;0;
;2;0;0;
;3;0;0;
;4;0;0;
;5;0;0;
;6;0;0;
;7;0;0;
;8;0;0;
;9;0;0;
;10;0;0;
;11;0;0;
;12;0;0;
;13;0;0;
;14;0;0;
;15;0;0;
;16;0;0;
;17;0;0;
;18;0;0;
;19;0;0;
;20;0;0;
;21;0;0;
;22;0;0;
;23;0;0;
;24;0;0;
;25;7;0;
;26;7;0;
;27;7;1;
;28;7;6;
;29;149;22;
;30;149;34;
;31;149;42;
;32;149;72;
;33;367;112;
;34;367;150;
;35;367;190;
;36;367;242;
;37;578;304;
;38;578;306;
;39;578;353;
;40;578;419;
;41;781;485;
;42;781;533;
;43;781;604;
;44;781;638;
;45;946;725;
;46;946;704;
;47;946;646;
;48;946;581;
;49;1012;560;
;50;1012;582;
;51;1012;646;
;52;1012;659;
;53;939;768;
;54;939;789;
;55;939;772;
;56;939;872;
;57;761;944;
;58;761;923;
;59;761;859;
;60;761;796;
;61;546;780;
;62;546;655;
;63;546;683;
;64;546;752;
;65;337;641;
;66;337;492;
;67;337;411;
;68;337;326;
;69;135;237;
;70;135;154;
;71;135;107;
;72;135;50;
;73;1;18;
;74;1;5;
;75;1;1;
;76;1;5;
;77;0;0;
;78;0;0;
;79;0;0;
;80;0;0;
;81;0;0;
;82;0;0;
;83;0;0;
;84;0;0;
;85;0;0;
;86;0;0;
;87;0;0;
;88;0;0;
;89;0;0;
;90;0;0;
;91;0;0;
;92;0;0;
;93;0;0;
;94;0;0;
;95;0;0;
;96;0;0;
2010-03-22;1;0;0;
;2;0;0;
;3;0;0;
;4;0;0;
;5;0;0;
;6;0;0;
;7;0;0;
;8;0;0;
;9;0;0;
;10;0;0;
;11;0;0;
;12;0;0;
;13;0;0;
;14;0;0;
;15;0;0;
;16;0;0;
;17;0;0;
;18;0;0;
;19;0;0;
;20;0;0;
;21;0;0;
;22;0;0;
;23;0;0;
;24;0;0;
;25;9;0;
;26;9;1;
;27;9;7;
;28;9;23;
;29;181;59;
;30;181;116;
;31;181;184;
;32;181;262;
;33;531;359;
;34;531;453;
;35;531;568;
;36;531;637;
;37;865;763;
;38;865;827;
;39;865;912;
;40;865;1015;
;41;1129;1049;
;42;1129;1175;
;43;1129;1300;
;44;1129;1303;
;45;1291;1234;
;46;1291;1260;
;47;1291;1221;
;48;1291;1287;
;49;1324;1362;
;50;1324;1386;
;51;1324;1290;
;52;1324;1248;
;53;1198;1214;
;54;1198;1180;
;55;1198;1201;
;56;1198;1294;
;57;947;1414;
;58;947;1326;
;59;947;1219;
;60;947;1286;
;61;639;1322;
;62;639;1188;
;63;639;1103;
;64;639;861;
;65;355;824;
;66;355;709;
;67;355;535;
;68;355;414;
;69;127;317;
;70;127;231;
;71;127;146;
;72;127;75;
;73;3;27;
;74;3;10;
;75;3;2;
;76;3;6;
;77;0;0;
;78;0;0;
;79;0;0;
;80;0;0;
;81;0;0;
;82;0;0;
;83;0;0;
;84;0;0;
;85;0;0;
;86;0;0;
;87;0;0;
;88;0;0;
;89;0;0;
;90;0;0;
;91;0;0;
;92;0;0;
;93;0;0;
;94;0;0;
;95;0;0;
;96;0;0;
2010-03-23;1;0;0;
;2;0;0;
;3;0;0;
;4;0;0;
;5;0;0;
;6;0;0;
;7;0;0;
;8;0;0;
;9;0;0;
;10;0;0;
;11;0;0;
;12;0;0;
;13;0;0;
;14;0;0;
;15;0;0;
;16;0;0;
;17;0;0;
;18;0;0;
;19;0;0;
;20;0;0;
;21;0;0;
;22;0;0;
;23;0;0;
;24;0;0;
;25;14;0;
;26;14;3;
;27;14;26;
;28;14;66;
;29;256;130;
;30;256;227;
;31;256;337;
;32;256;455;
;33;724;603;
;34;724;771;
;35;724;932;
;36;724;1053;
;37;1226;1194;
;38;1226;1330;
;39;1226;1404;
;40;1226;1574;
;41;1679;1676;
;42;1679;1812;
;43;1679;1932;
;44;1679;2075;
;45;1992;2135;
;46;1992;2212;
;47;1992;2207;
;48;1992;2252;
;49;2070;2295;
;50;2070;2383;
;51;2070;2327;
;52;2070;2378;
;53;1922;2360;
;54;1922;2360;
;55;1922;2378;
;56;1922;2307;
;57;1589;2241;
;58;1589;2116;
;59;1589;1969;
;60;1589;1948;
;61;1140;1832;
;62;1140;1680;
;63;1140;1498;
;64;1140;1355;
;65;658;1176;
;66;658;996;
;67;658;833;
;68;658;649;
;69;229;496;
;70;229;354;
;71;229;220;
;72;229;124;
;73;6;53;
;74;6;22;
;75;6;6;
;76;6;7;
;77;0;0;
;78;0;0;
;79;0;0;
;80;0;0;
;81;0;0;
;82;0;0;
;83;0;0;
;84;0;0;
;85;0;0;
;86;0;0;
;87;0;0;
;88;0;0;
;89;0;0;
;90;0;0;
;91;0;0;
;92;0;0;
;93;0;0;
;94;0;0;
;95;0;0;
;96;0;0;
2010-03-24;1;0;0;
;2;0;0;
;3;0;0;
;4;0;0;
;5;0;0;
;6;0;0;
;7;0;0;
;8;0;0;
;9;0;0;
;10;0;0;
;11;0;0;
;12;0;0;
;13;0;0;
;14;0;0;
;15;0;0;
;16;0;0;
;17;0;0;
;18;0;0;
;19;0;0;
;20;0;0;
;21;0;0;
;22;0;0;
;23;0;0;
;24;0;0;
;25;28;1;
;26;28;18;
;27;28;72;
;28;28;151;
;29;377;252;
;30;377;375;
;31;377;523;
;32;377;684;
;33;978;847;
;34;978;1003;
;35;978;1160;
;36;978;1324;
;37;1580;1471;
;38;1580;1614;
;39;1580;1719;
;40;1580;1889;
;41;2088;1991;
;42;2088;2099;
;43;2088;2184;
;44;2088;2257;
;45;2419;2302;
;46;2419;2358;
;47;2419;2445;
;48;2419;2482;
;49;2500;2510;
;50;2500;2495;
;51;2500;2496;
;52;2500;2482;
;53;2333;2445;
;54;2333;2447;
;55;2333;2345;
;56;2333;2300;
;57;1946;2222;
;58;1946;2139;
;59;1946;2073;
;60;1946;1982;
;61;1389;1863;
;62;1389;1714;
;63;1389;1561;
;64;1389;1414;
;65;795;1251;
;66;795;1078;
;67;795;900;
;68;795;709;
;69;274;544;
;70;274;380;
;71;274;251;
;72;274;143;
;73;6;63;
;74;6;24;
;75;6;8;
;76;6;8;
;77;0;0;
;78;0;0;
;79;0;0;
;80;0;0;
;81;0;0;
;82;0;0;
;83;0;0;
;84;0;0;
;85;0;0;
;86;0;0;
;87;0;0;
;88;0;0;
;89;0;0;
;90;0;0;
;91;0;0;
;92;0;0;
;93;0;0;
;94;0;0;
;95;0;0;
;96;0;0;
2010-03-25;1;0;0;
;2;0;0;
;3;0;0;
;4;0;0;
;5;0;0;
;6;0;0;
;7;0;0;
;8;0;0;
;9;0;0;
;10;0;0;
;11;0;0;
;12;0;0;
;13;0;0;
;14;0;0;
;15;0;0;
;16;0;0;
;17;0;0;
;18;0;0;
;19;0;0;
;20;0;0;
;21;0;0;
;22;0;0;
;23;0;0;
;24;0;0;
;25;35;2;
;26;35;26;
;27;35;81;
;28;35;158;
;29;376;267;
;30;376;382;
;31;376;528;
;32;376;698;
;33;956;813;
;34;956;978;
;35;956;1167;
;36;956;1297;
;37;1548;1403;
;38;1548;1550;
;39;1548;1687;
;40;1548;1799;
;41;2055;1961;
;42;2055;2059;
;43;2055;2092;
;44;2055;2158;
;45;2377;2181;
;46;2377;2246;
;47;2377;2254;
;48;2377;2315;
;49;2420;2301;
;50;2420;2289;
;51;2420;2281;
;52;2420;2268;
;53;2198;2242;
;54;2198;2050;
;55;2198;2016;
;56;2198;1860;
;57;1765;1754;
;58;1765;1710;
;59;1765;1629;
;60;1765;1534;
;61;1228;1352;
;62;1228;1332;
;63;1228;1246;
;64;1228;1147;
;65;694;1051;
;66;694;969;
;67;694;873;
;68;694;695;
;69;249;519;
;70;249;353;
;71;249;211;
;72;249;121;
;73;9;52;
;74;9;19;
;75;9;5;
;76;9;6;
;77;0;0;
;78;0;0;
;79;0;0;
;80;0;0;
;81;0;0;
;82;0;0;
;83;0;0;
;84;0;0;
;85;0;0;
;86;0;0;
;87;0;0;
;88;0;0;
;89;0;0;
;90;0;0;
;91;0;0;
;92;0;0;
;93;0;0;
;94;0;0;
;95;0;0;
;96;0;0;
2010-03-26;1;0;0;
;2;0;0;
;3;0;0;
;4;0;0;
;5;0;0;
;6;0;0;
;7;0;0;
;8;0;0;
;9;0;0;
;10;0;0;
;11;0;0;
;12;0;0;
;13;0;0;
;14;0;0;
;15;0;0;
;16;0;0;
;17;0;0;
;18;0;0;
;19;0;0;
;20;0;0;
;21;0;0;
;22;0;0;
;23;0;0;
;24;0;0;
;25;44;1;
;26;44;16;
;27;44;64;
;28;44;154;
;29;324;261;
;30;324;397;
;31;324;545;
;32;324;726;
;33;781;901;
;34;781;1107;
;35;781;1266;
;36;781;1374;
;37;1289;1512;
;38;1289;1680;
;39;1289;1756;
;40;1289;1823;
;41;1743;1970;
;42;1743;2044;
;43;1743;2216;
;44;1743;2294;
;45;2032;2364;
;46;2032;2422;
;47;2032;2450;
;48;2032;2427;
;49;2030;2398;
;50;2030;2401;
;51;2030;2391;
;52;2030;2317;
;53;1819;2274;
;54;1819;2246;
;55;1819;2160;
;56;1819;2052;
;57;1428;1911;
;58;1428;1747;
;59;1428;1541;
;60;1428;1378;
;61;857;1221;
;62;857;1047;
;63;857;727;
;64;857;597;
;65;396;527;
;66;396;385;
;67;396;275;
;68;396;230;
;69;121;147;
;70;121;91;
;71;121;42;
;72;121;25;
;73;8;9;
;74;8;4;
;75;8;1;
;76;8;2;
;77;0;0;
;78;0;0;
;79;0;0;
;80;0;0;
;81;0;0;
;82;0;0;
;83;0;0;
;84;0;0;
;85;0;0;
;86;0;0;
;87;0;0;
;88;0;0;
;89;0;0;
;90;0;0;
;91;0;0;
;92;0;0;
;93;0;0;
;94;0;0;
;95;0;0;
;96;0;0;
2010-03-27;1;0;0;
;2;0;0;
;3;0;0;
;4;0;0;
;5;0;0;
;6;0;0;
;7;0;0;
;8;0;0;
;9;0;0;
;10;0;0;
;11;0;0;
;12;0;0;
;13;0;0;
;14;0;0;
;15;0;0;
;16;0;0;
;17;0;0;
;18;0;0;
;19;0;0;
;20;0;0;
;21;0;0;
;22;0;0;
;23;0;0;
;24;0;0;
;25;48;1;
;26;48;11;
;27;48;40;
;28;48;88;
;29;347;183;
;30;347;302;
;31;347;392;
;32;347;519;
;33;821;680;
;34;821;887;
;35;821;945;
;36;821;941;
;37;1277;1180;
;38;1277;1250;
;39;1277;1270;
;40;1277;1382;
;41;1641;1511;
;42;1641;1570;
;43;1641;1508;
;44;1641;1623;
;45;1858;1478;
;46;1858;1331;
;47;1858;1241;
;48;1858;1198;
;49;1928;1151;
;50;1928;1044;
;51;1928;1171;
;52;1928;1288;
;53;1800;1121;
;54;1800;1157;
;55;1800;1088;
;56;1800;1060;
;57;1474;1199;
;58;1474;1112;
;59;1474;999;
;60;1474;878;
;61;973;845;
;62;973;716;
;63;973;769;
;64;973;769;
;65;498;665;
;66;498;539;
;67;498;479;
;68;498;422;
;69;169;345;
;70;169;191;
;71;169;123;
;72;169;78;
;73;15;34;
;74;15;9;
;75;15;5;
;76;15;4;
;77;0;0;
;78;0;0;
;79;0;0;
;80;0;0;
;81;0;0;
;82;0;0;
;83;0;0;
;84;0;0;
;85;0;0;
;86;0;0;
;87;0;0;
;88;0;0;
;89;0;0;
;90;0;0;
;91;0;0;
;92;0;0;
;93;0;0;
;94;0;0;
;95;0;0;
;96;0;0;
2010-03-28;1;0;0;
;2;0;0;
;3;0;0;
;4;0;0;
;5;0;0;
;6;0;0;
;7;0;0;
;8;0;0;
;9;0;0;
;10;0;0;
;11;0;0;
;12;0;0;
;13;0;0;
;14;0;0;
;15;0;0;
;16;0;0;
;17;0;0;
;18;0;0;
;19;0;0;
;20;0;0;
;21;30;0;
;22;30;1;
;23;30;4;
;24;30;12;
;25;176;23;
;26;176;35;
;27;176;44;
;28;176;64;
;29;430;114;
;30;430;169;
;31;430;229;
;32;430;284;
;33;795;373;
;34;795;433;
;35;795;435;
;36;795;521;
;37;1216;648;
;38;1216;616;
;39;1216;684;
;40;1216;830;
;41;1562;1006;
;42;1562;895;
;43;1562;966;
;44;1562;1150;
;45;1638;1187;
;46;1638;1085;
;47;1638;1260;
;48;1638;1334;
;49;1517;1220;
;50;1517;1341;
;51;1517;1319;
;52;1517;1266;
;53;1238;1177;
;54;1238;1270;
;55;1238;1262;
;56;1238;1149;
;57;866;1006;
;58;866;965;
;59;866;944;
;60;866;783;
;61;489;724;
;62;489;622;
;63;489;557;
;64;489;570;
;65;184;448;
;66;184;402;
;67;184;370;
;68;184;318;
;69;18;255;
;70;18;176;
;71;18;125;
;72;18;77;
;73;0;37;
;74;0;14;
;75;0;6;
;76;0;5;
;77;0;0;
;78;0;0;
;79;0;0;
;80;0;0;
;81;0;0;
;82;0;0;
;83;0;0;
;84;0;0;
;85;0;0;
;86;0;0;
;87;0;0;
;88;0;0;
;89;0;0;
;90;0;0;
;91;0;0;
;92;0;0;
2010-03-29;1;0;0;
;2;0;0;
;3;0;0;
;4;0;0;
;5;0;0;
;6;0;0;
;7;0;0;
;8;0;0;
;9;0;0;
;10;0;0;
;11;0;0;
;12;0;0;
;13;0;0;
;14;0;0;
;15;0;0;
;16;0;0;
;17;0;0;
;18;0;0;
;19;0;0;
;20;0;0;
;21;0;0;
;22;0;0;
;23;0;0;
;24;0;0;
;25;0;0;
;26;0;0;
;27;0;1;
;28;0;2;
;29;26;5;
;30;26;26;
;31;26;63;
;32;26;86;
;33;163;120;
;34;163;164;
;35;163;229;
;36;163;308;
;37;409;388;
;38;409;441;
;39;409;555;
;40;409;685;
;41;628;698;
;42;628;738;
;43;628;799;
;44;628;891;
;45;789;1045;
;46;789;1104;
;47;789;1177;
;48;789;1158;
;49;883;1231;
;50;883;1221;
;51;883;1226;
;52;883;1229;
;53;950;1188;
;54;950;1073;
;55;950;1140;
;56;950;1181;
;57;924;1109;
;58;924;1144;
;59;924;1118;
;60;924;1074;
;61;804;1045;
;62;804;1007;
;63;804;942;
;64;804;889;
;65;629;822;
;66;629;749;
;67;629;666;
;68;629;636;
;69;404;565;
;70;404;506;
;71;404;450;
;72;404;368;
;73;166;280;
;74;166;263;
;75;166;179;
;76;166;111;
;77;15;66;
;78;15;23;
;79;15;7;
;80;15;5;
;81;0;0;
;82;0;0;
;83;0;0;
;84;0;0;
;85;0;0;
;86;0;0;
;87;0;0;
;88;0;0;
;89;0;0;
;90;0;0;
;91;0;0;
;92;0;0;
;93;0;0;
;94;0;0;
;95;0;0;
;96;0;0;
2010-03-30;1;0;0;
;2;0;0;
;3;0;0;
;4;0;0;
;5;0;0;
;6;0;0;
;7;0;0;
;8;0;0;
;9;0;0;
;10;0;0;
;11;0;0;
;12;0;0;
;13;0;0;
;14;0;0;
;15;0;0;
;16;0;0;
;17;0;0;
;18;0;0;
;19;0;0;
;20;0;0;
;21;0;0;
;22;0;0;
;23;0;0;
;24;0;0;
;25;0;0;
;26;0;2;
;27;0;4;
;28;0;8;
;29;50;25;
;30;50;59;
;31;50;102;
;32;50;233;
;33;329;362;
;34;329;402;
;35;329;540;
;36;329;707;
;37;824;869;
;38;824;1010;
;39;824;1166;
;40;824;1319;
;41;1331;1464;
;42;1331;1585;
;43;1331;1733;
;44;1331;1887;
;45;1757;2018;
;46;1757;2105;
;47;1757;2150;
;48;1757;2190;
;49;2025;2249;
;50;2025;2276;
;51;2025;2290;
;52;2025;2313;
;53;1975;2305;
;54;1975;2270;
;55;1975;2213;
;56;1975;2208;
;57;1746;2125;
;58;1746;2024;
;59;1746;1981;
;60;1746;2035;
;61;1395;2042;
;62;1395;1932;
;63;1395;1792;
;64;1395;1640;
;65;992;1554;
;66;992;1392;
;67;992;1272;
;68;992;1202;
;69;568;1051;
;70;568;904;
;71;568;805;
;72;568;403;
;73;207;318;
;74;207;257;
;75;207;186;
;76;207;123;
;77;16;63;
;78;16;23;
;79;16;15;
;80;16;11;
;81;0;0;
;82;0;0;
;83;0;0;
;84;0;0;
;85;0;0;
;86;0;0;
;87;0;0;
;88;0;0;
;89;0;0;
;90;0;0;
;91;0;0;
;92;0;0;
;93;0;0;
;94;0;0;
;95;0;0;
;96;0;0;
2010-03-31;1;0;0;
;2;0;0;
;3;0;0;
;4;0;0;
;5;0;0;
;6;0;0;
;7;0;0;
;8;0;0;
;9;0;0;
;10;0;0;
;11;0;0;
;12;0;0;
;13;0;0;
;14;0;0;
;15;0;0;
;16;0;0;
;17;0;0;
;18;0;0;
;19;0;0;
;20;0;0;
;21;0;0;
;22;0;0;
;23;0;0;
;24;0;0;
;25;0;0;
;26;0;1;
;27;0;2;
;28;0;3;
;29;59;12;
;30;59;61;
;31;59;94;
;32;59;150;
;33;380;232;
;34;380;296;
;35;380;384;
;36;380;478;
;37;866;592;
;38;866;694;
;39;866;792;
;40;866;890;
;41;1296;1024;
;42;1296;1143;
;43;1296;1319;
;44;1296;1348;
;45;1616;1359;
;46;1616;1361;
;47;1616;1498;
;48;1616;1450;
;49;1798;1399;
;50;1798;1343;
;51;1798;1498;
;52;1798;1482;
;53;1854;1327;
;54;1854;1342;
;55;1854;1384;
;56;1854;1376;
;57;1745;1312;
;58;1745;1300;
;59;1745;1233;
;60;1745;1232;
;61;1485;1187;
;62;1485;1128;
;63;1485;1045;
;64;1485;949;
;65;1147;908;
;66;1147;783;
;67;1147;703;
;68;1147;676;
;69;735;597;
;70;735;525;
;71;735;466;
;72;735;575;
;73;311;438;
;74;311;271;
;75;311;179;
;76;311;124;
;77;22;93;
;78;22;42;
;79;22;20;
;80;22;11;
;81;0;4;
;82;0;0;
;83;0;0;
;84;0;0;
;85;0;0;
;86;0;0;
;87;0;0;
;88;0;0;
;89;0;0;
;90;0;0;
;91;0;0;
;92;0;0;
;93;0;0;
;94;0;0;
;95;0;0;
;96;0;0;
