Datum von;Uhrzeit von;Datum bis;Uhrzeit bis;Prognose (MW);Ist-Wert (MW);
01.11.2015;00:00:00;01.11.2015;00:15:00;66,00;116;
01.11.2015;00:15:00;01.11.2015;00:30:00;64,00;114;
01.11.2015;00:30:00;01.11.2015;00:45:00;62,00;112;
01.11.2015;00:45:00;01.11.2015;01:00:00;60,00;110;
01.11.2015;01:00:00;01.11.2015;01:15:00;58,00;106;
01.11.2015;01:15:00;01.11.2015;01:30:00;57,00;107;
01.11.2015;01:30:00;01.11.2015;01:45:00;56,00;106;
01.11.2015;01:45:00;01.11.2015;02:00:00;54,00;97;
01.11.2015;02:00:00;01.11.2015;02:15:00;53,00;91;
01.11.2015;02:15:00;01.11.2015;02:30:00;53,00;88;
01.11.2015;02:30:00;01.11.2015;02:45:00;53,00;90;
01.11.2015;02:45:00;01.11.2015;03:00:00;53,00;95;
01.11.2015;03:00:00;01.11.2015;03:15:00;53,00;89;
01.11.2015;03:15:00;01.11.2015;03:30:00;52,00;88;
01.11.2015;03:30:00;01.11.2015;03:45:00;52,00;83;
01.11.2015;03:45:00;01.11.2015;04:00:00;51,00;78;
01.11.2015;04:00:00;01.11.2015;04:15:00;51,00;74;
01.11.2015;04:15:00;01.11.2015;04:30:00;51,00;70;
01.11.2015;04:30:00;01.11.2015;04:45:00;51,00;64;
01.11.2015;04:45:00;01.11.2015;05:00:00;51,00;60;
01.11.2015;05:00:00;01.11.2015;05:15:00;51,00;59;
01.11.2015;05:15:00;01.11.2015;05:30:00;50,00;58;
01.11.2015;05:30:00;01.11.2015;05:45:00;50,00;58;
01.11.2015;05:45:00;01.11.2015;06:00:00;50,00;54;
01.11.2015;06:00:00;01.11.2015;06:15:00;49,00;47;
01.11.2015;06:15:00;01.11.2015;06:30:00;47,00;41;
01.11.2015;06:30:00;01.11.2015;06:45:00;45,00;39;
01.11.2015;06:45:00;01.11.2015;07:00:00;43,00;36;
01.11.2015;07:00:00;01.11.2015;07:15:00;41,00;35;
01.11.2015;07:15:00;01.11.2015;07:30:00;40,00;40;
01.11.2015;07:30:00;01.11.2015;07:45:00;39,00;38;
01.11.2015;07:45:00;01.11.2015;08:00:00;37,00;40;
01.11.2015;08:00:00;01.11.2015;08:15:00;35,00;44;
01.11.2015;08:15:00;01.11.2015;08:30:00;31,00;46;
01.11.2015;08:30:00;01.11.2015;08:45:00;28,00;44;
01.11.2015;08:45:00;01.11.2015;09:00:00;25,00;37;
01.11.2015;09:00:00;01.11.2015;09:15:00;22,00;34;
01.11.2015;09:15:00;01.11.2015;09:30:00;20,00;28;
01.11.2015;09:30:00;01.11.2015;09:45:00;19,00;25;
01.11.2015;09:45:00;01.11.2015;10:00:00;17,00;24;
01.11.2015;10:00:00;01.11.2015;10:15:00;15,00;21;
01.11.2015;10:15:00;01.11.2015;10:30:00;13,00;15;
01.11.2015;10:30:00;01.11.2015;10:45:00;12,00;12;
01.11.2015;10:45:00;01.11.2015;11:00:00;10,00;7;
01.11.2015;11:00:00;01.11.2015;11:15:00;9,00;5;
01.11.2015;11:15:00;01.11.2015;11:30:00;8,00;5;
01.11.2015;11:30:00;01.11.2015;11:45:00;7,00;4;
01.11.2015;11:45:00;01.11.2015;12:00:00;6,00;3;
01.11.2015;12:00:00;01.11.2015;12:15:00;6,00;2;
01.11.2015;12:15:00;01.11.2015;12:30:00;6,00;3;
01.11.2015;12:30:00;01.11.2015;12:45:00;7,00;3;
01.11.2015;12:45:00;01.11.2015;13:00:00;7,00;2;
01.11.2015;13:00:00;01.11.2015;13:15:00;7,00;4;
01.11.2015;13:15:00;01.11.2015;13:30:00;7,00;5;
01.11.2015;13:30:00;01.11.2015;13:45:00;8,00;5;
01.11.2015;13:45:00;01.11.2015;14:00:00;8,00;6;
01.11.2015;14:00:00;01.11.2015;14:15:00;9,00;8;
01.11.2015;14:15:00;01.11.2015;14:30:00;10,00;10;
01.11.2015;14:30:00;01.11.2015;14:45:00;11,00;11;
01.11.2015;14:45:00;01.11.2015;15:00:00;12,00;16;
01.11.2015;15:00:00;01.11.2015;15:15:00;14,00;18;
01.11.2015;15:15:00;01.11.2015;15:30:00;16,00;21;
01.11.2015;15:30:00;01.11.2015;15:45:00;18,00;23;
01.11.2015;15:45:00;01.11.2015;16:00:00;21,00;29;
01.11.2015;16:00:00;01.11.2015;16:15:00;24,00;33;
01.11.2015;16:15:00;01.11.2015;16:30:00;29,00;41;
01.11.2015;16:30:00;01.11.2015;16:45:00;34,00;50;
01.11.2015;16:45:00;01.11.2015;17:00:00;39,00;55;
01.11.2015;17:00:00;01.11.2015;17:15:00;47,00;68;
01.11.2015;17:15:00;01.11.2015;17:30:00;57,00;83;
01.11.2015;17:30:00;01.11.2015;17:45:00;67,00;95;
01.11.2015;17:45:00;01.11.2015;18:00:00;77,00;113;
01.11.2015;18:00:00;01.11.2015;18:15:00;85,00;124;
01.11.2015;18:15:00;01.11.2015;18:30:00;92,00;135;
01.11.2015;18:30:00;01.11.2015;18:45:00;99,00;141;
01.11.2015;18:45:00;01.11.2015;19:00:00;106,00;153;
01.11.2015;19:00:00;01.11.2015;19:15:00;110,00;159;
01.11.2015;19:15:00;01.11.2015;19:30:00;112,00;170;
01.11.2015;19:30:00;01.11.2015;19:45:00;114,00;175;
01.11.2015;19:45:00;01.11.2015;20:00:00;116,00;167;
01.11.2015;20:00:00;01.11.2015;20:15:00;115,00;164;
01.11.2015;20:15:00;01.11.2015;20:30:00;113,00;155;
01.11.2015;20:30:00;01.11.2015;20:45:00;110,00;154;
01.11.2015;20:45:00;01.11.2015;21:00:00;108,00;145;
01.11.2015;21:00:00;01.11.2015;21:15:00;106,00;130;
01.11.2015;21:15:00;01.11.2015;21:30:00;104,00;127;
01.11.2015;21:30:00;01.11.2015;21:45:00;102,00;119;
01.11.2015;21:45:00;01.11.2015;22:00:00;101,00;121;
01.11.2015;22:00:00;01.11.2015;22:15:00;100,00;117;
01.11.2015;22:15:00;01.11.2015;22:30:00;99,00;100;
01.11.2015;22:30:00;01.11.2015;22:45:00;99,00;104;
01.11.2015;22:45:00;01.11.2015;23:00:00;99,00;105;
01.11.2015;23:00:00;01.11.2015;23:15:00;99,00;100;
01.11.2015;23:15:00;01.11.2015;23:30:00;99,00;102;
01.11.2015;23:30:00;01.11.2015;23:45:00;100,00;107;
01.11.2015;23:45:00;02.11.2015;00:00:00;100,00;108;
02.11.2015;00:00:00;02.11.2015;00:15:00;98,00;112;
02.11.2015;00:15:00;02.11.2015;00:30:00;98,00;115;
02.11.2015;00:30:00;02.11.2015;00:45:00;99,00;120;
02.11.2015;00:45:00;02.11.2015;01:00:00;100,00;132;
02.11.2015;01:00:00;02.11.2015;01:15:00;100,00;138;
02.11.2015;01:15:00;02.11.2015;01:30:00;100,00;141;
02.11.2015;01:30:00;02.11.2015;01:45:00;100,00;138;
02.11.2015;01:45:00;02.11.2015;02:00:00;100,00;139;
02.11.2015;02:00:00;02.11.2015;02:15:00;100,00;141;
02.11.2015;02:15:00;02.11.2015;02:30:00;101,00;137;
02.11.2015;02:30:00;02.11.2015;02:45:00;102,00;122;
02.11.2015;02:45:00;02.11.2015;03:00:00;102,00;110;
02.11.2015;03:00:00;02.11.2015;03:15:00;101,00;103;
02.11.2015;03:15:00;02.11.2015;03:30:00;97,00;101;
02.11.2015;03:30:00;02.11.2015;03:45:00;93,00;96;
02.11.2015;03:45:00;02.11.2015;04:00:00;89,00;85;
02.11.2015;04:00:00;02.11.2015;04:15:00;86,00;79;
02.11.2015;04:15:00;02.11.2015;04:30:00;84,00;86;
02.11.2015;04:30:00;02.11.2015;04:45:00;82,00;84;
02.11.2015;04:45:00;02.11.2015;05:00:00;80,00;87;
02.11.2015;05:00:00;02.11.2015;05:15:00;78,00;89;
02.11.2015;05:15:00;02.11.2015;05:30:00;75,00;102;
02.11.2015;05:30:00;02.11.2015;05:45:00;73,00;101;
02.11.2015;05:45:00;02.11.2015;06:00:00;70,00;102;
02.11.2015;06:00:00;02.11.2015;06:15:00;69,00;116;
02.11.2015;06:15:00;02.11.2015;06:30:00;68,00;120;
02.11.2015;06:30:00;02.11.2015;06:45:00;68,00;121;
02.11.2015;06:45:00;02.11.2015;07:00:00;67,00;120;
02.11.2015;07:00:00;02.11.2015;07:15:00;67,00;114;
02.11.2015;07:15:00;02.11.2015;07:30:00;66,00;125;
02.11.2015;07:30:00;02.11.2015;07:45:00;66,00;131;
02.11.2015;07:45:00;02.11.2015;08:00:00;65,00;129;
02.11.2015;08:00:00;02.11.2015;08:15:00;64,00;125;
02.11.2015;08:15:00;02.11.2015;08:30:00;62,00;109;
02.11.2015;08:30:00;02.11.2015;08:45:00;60,00;92;
02.11.2015;08:45:00;02.11.2015;09:00:00;59,00;91;
02.11.2015;09:00:00;02.11.2015;09:15:00;57,00;90;
02.11.2015;09:15:00;02.11.2015;09:30:00;54,00;84;
02.11.2015;09:30:00;02.11.2015;09:45:00;51,00;74;
02.11.2015;09:45:00;02.11.2015;10:00:00;48,00;63;
02.11.2015;10:00:00;02.11.2015;10:15:00;44,00;50;
02.11.2015;10:15:00;02.11.2015;10:30:00;39,00;50;
02.11.2015;10:30:00;02.11.2015;10:45:00;34,00;44;
02.11.2015;10:45:00;02.11.2015;11:00:00;29,00;33;
02.11.2015;11:00:00;02.11.2015;11:15:00;25,00;27;
02.11.2015;11:15:00;02.11.2015;11:30:00;22,00;20;
02.11.2015;11:30:00;02.11.2015;11:45:00;19,00;20;
02.11.2015;11:45:00;02.11.2015;12:00:00;16,00;20;
02.11.2015;12:00:00;02.11.2015;12:15:00;14,00;14;
02.11.2015;12:15:00;02.11.2015;12:30:00;12,00;12;
02.11.2015;12:30:00;02.11.2015;12:45:00;11,00;9;
02.11.2015;12:45:00;02.11.2015;13:00:00;9,00;10;
02.11.2015;13:00:00;02.11.2015;13:15:00;8,00;5;
02.11.2015;13:15:00;02.11.2015;13:30:00;8,00;5;
02.11.2015;13:30:00;02.11.2015;13:45:00;7,00;2;
02.11.2015;13:45:00;02.11.2015;14:00:00;7,00;1;
02.11.2015;14:00:00;02.11.2015;14:15:00;6,00;1;
02.11.2015;14:15:00;02.11.2015;14:30:00;6,00;3;
02.11.2015;14:30:00;02.11.2015;14:45:00;6,00;3;
02.11.2015;14:45:00;02.11.2015;15:00:00;6,00;2;
02.11.2015;15:00:00;02.11.2015;15:15:00;6,00;3;
02.11.2015;15:15:00;02.11.2015;15:30:00;6,00;3;
02.11.2015;15:30:00;02.11.2015;15:45:00;7,00;3;
02.11.2015;15:45:00;02.11.2015;16:00:00;7,00;2;
02.11.2015;16:00:00;02.11.2015;16:15:00;7,00;1;
02.11.2015;16:15:00;02.11.2015;16:30:00;7,00;1;
02.11.2015;16:30:00;02.11.2015;16:45:00;8,00;2;
02.11.2015;16:45:00;02.11.2015;17:00:00;8,00;2;
02.11.2015;17:00:00;02.11.2015;17:15:00;8,00;2;
02.11.2015;17:15:00;02.11.2015;17:30:00;9,00;3;
02.11.2015;17:30:00;02.11.2015;17:45:00;9,00;4;
02.11.2015;17:45:00;02.11.2015;18:00:00;9,00;4;
02.11.2015;18:00:00;02.11.2015;18:15:00;9,00;5;
02.11.2015;18:15:00;02.11.2015;18:30:00;9,00;6;
02.11.2015;18:30:00;02.11.2015;18:45:00;10,00;7;
02.11.2015;18:45:00;02.11.2015;19:00:00;10,00;8;
02.11.2015;19:00:00;02.11.2015;19:15:00;10,00;6;
02.11.2015;19:15:00;02.11.2015;19:30:00;10,00;7;
02.11.2015;19:30:00;02.11.2015;19:45:00;10,00;12;
02.11.2015;19:45:00;02.11.2015;20:00:00;10,00;15;
02.11.2015;20:00:00;02.11.2015;20:15:00;10,00;18;
02.11.2015;20:15:00;02.11.2015;20:30:00;9,00;22;
02.11.2015;20:30:00;02.11.2015;20:45:00;9,00;29;
02.11.2015;20:45:00;02.11.2015;21:00:00;8,00;32;
02.11.2015;21:00:00;02.11.2015;21:15:00;8,00;39;
02.11.2015;21:15:00;02.11.2015;21:30:00;7,00;36;
02.11.2015;21:30:00;02.11.2015;21:45:00;7,00;31;
02.11.2015;21:45:00;02.11.2015;22:00:00;7,00;29;
02.11.2015;22:00:00;02.11.2015;22:15:00;7,00;34;
02.11.2015;22:15:00;02.11.2015;22:30:00;6,00;33;
02.11.2015;22:30:00;02.11.2015;22:45:00;6,00;34;
02.11.2015;22:45:00;02.11.2015;23:00:00;6,00;37;
02.11.2015;23:00:00;02.11.2015;23:15:00;6,00;41;
02.11.2015;23:15:00;02.11.2015;23:30:00;6,00;44;
02.11.2015;23:30:00;02.11.2015;23:45:00;7,00;42;
02.11.2015;23:45:00;03.11.2015;00:00:00;7,00;36;
03.11.2015;00:00:00;03.11.2015;00:15:00;29,00;33;
03.11.2015;00:15:00;03.11.2015;00:30:00;29,00;28;
03.11.2015;00:30:00;03.11.2015;00:45:00;28,00;25;
03.11.2015;00:45:00;03.11.2015;01:00:00;28,00;26;
03.11.2015;01:00:00;03.11.2015;01:15:00;27,00;28;
03.11.2015;01:15:00;03.11.2015;01:30:00;27,00;24;
03.11.2015;01:30:00;03.11.2015;01:45:00;27,00;26;
03.11.2015;01:45:00;03.11.2015;02:00:00;27,00;25;
03.11.2015;02:00:00;03.11.2015;02:15:00;27,00;27;
03.11.2015;02:15:00;03.11.2015;02:30:00;27,00;27;
03.11.2015;02:30:00;03.11.2015;02:45:00;27,00;27;
03.11.2015;02:45:00;03.11.2015;03:00:00;27,00;27;
03.11.2015;03:00:00;03.11.2015;03:15:00;26,00;28;
03.11.2015;03:15:00;03.11.2015;03:30:00;25,00;34;
03.11.2015;03:30:00;03.11.2015;03:45:00;24,00;45;
03.11.2015;03:45:00;03.11.2015;04:00:00;23,00;47;
03.11.2015;04:00:00;03.11.2015;04:15:00;22,00;53;
03.11.2015;04:15:00;03.11.2015;04:30:00;21,00;62;
03.11.2015;04:30:00;03.11.2015;04:45:00;21,00;63;
03.11.2015;04:45:00;03.11.2015;05:00:00;20,00;66;
03.11.2015;05:00:00;03.11.2015;05:15:00;20,00;64;
03.11.2015;05:15:00;03.11.2015;05:30:00;19,00;63;
03.11.2015;05:30:00;03.11.2015;05:45:00;19,00;60;
03.11.2015;05:45:00;03.11.2015;06:00:00;19,00;58;
03.11.2015;06:00:00;03.11.2015;06:15:00;18,00;58;
03.11.2015;06:15:00;03.11.2015;06:30:00;18,00;55;
03.11.2015;06:30:00;03.11.2015;06:45:00;17,00;49;
03.11.2015;06:45:00;03.11.2015;07:00:00;17,00;48;
03.11.2015;07:00:00;03.11.2015;07:15:00;18,00;50;
03.11.2015;07:15:00;03.11.2015;07:30:00;19,00;60;
03.11.2015;07:30:00;03.11.2015;07:45:00;21,00;75;
03.11.2015;07:45:00;03.11.2015;08:00:00;22,00;50;
03.11.2015;08:00:00;03.11.2015;08:15:00;24,00;76;
03.11.2015;08:15:00;03.11.2015;08:30:00;24,00;77;
03.11.2015;08:30:00;03.11.2015;08:45:00;25,00;50;
03.11.2015;08:45:00;03.11.2015;09:00:00;25,00;48;
03.11.2015;09:00:00;03.11.2015;09:15:00;26,00;49;
03.11.2015;09:15:00;03.11.2015;09:30:00;26,00;54;
03.11.2015;09:30:00;03.11.2015;09:45:00;26,00;73;
03.11.2015;09:45:00;03.11.2015;10:00:00;27,00;73;
03.11.2015;10:00:00;03.11.2015;10:15:00;25,00;77;
03.11.2015;10:15:00;03.11.2015;10:30:00;23,00;82;
03.11.2015;10:30:00;03.11.2015;10:45:00;21,00;71;
03.11.2015;10:45:00;03.11.2015;11:00:00;18,00;47;
03.11.2015;11:00:00;03.11.2015;11:15:00;16,00;37;
03.11.2015;11:15:00;03.11.2015;11:30:00;15,00;34;
03.11.2015;11:30:00;03.11.2015;11:45:00;13,00;27;
03.11.2015;11:45:00;03.11.2015;12:00:00;12,00;16;
03.11.2015;12:00:00;03.11.2015;12:15:00;11,00;11;
03.11.2015;12:15:00;03.11.2015;12:30:00;10,00;11;
03.11.2015;12:30:00;03.11.2015;12:45:00;10,00;11;
03.11.2015;12:45:00;03.11.2015;13:00:00;9,00;11;
03.11.2015;13:00:00;03.11.2015;13:15:00;9,00;9;
03.11.2015;13:15:00;03.11.2015;13:30:00;9,00;5;
03.11.2015;13:30:00;03.11.2015;13:45:00;9,00;5;
03.11.2015;13:45:00;03.11.2015;14:00:00;9,00;12;
03.11.2015;14:00:00;03.11.2015;14:15:00;9,00;18;
03.11.2015;14:15:00;03.11.2015;14:30:00;10,00;19;
03.11.2015;14:30:00;03.11.2015;14:45:00;10,00;25;
03.11.2015;14:45:00;03.11.2015;15:00:00;11,00;24;
03.11.2015;15:00:00;03.11.2015;15:15:00;11,00;21;
03.11.2015;15:15:00;03.11.2015;15:30:00;11,00;22;
03.11.2015;15:30:00;03.11.2015;15:45:00;11,00;20;
03.11.2015;15:45:00;03.11.2015;16:00:00;11,00;22;
03.11.2015;16:00:00;03.11.2015;16:15:00;11,00;21;
03.11.2015;16:15:00;03.11.2015;16:30:00;12,00;27;
03.11.2015;16:30:00;03.11.2015;16:45:00;12,00;17;
03.11.2015;16:45:00;03.11.2015;17:00:00;12,00;12;
03.11.2015;17:00:00;03.11.2015;17:15:00;14,00;17;
03.11.2015;17:15:00;03.11.2015;17:30:00;16,00;10;
03.11.2015;17:30:00;03.11.2015;17:45:00;18,00;16;
03.11.2015;17:45:00;03.11.2015;18:00:00;20,00;15;
03.11.2015;18:00:00;03.11.2015;18:15:00;24,00;10;
03.11.2015;18:15:00;03.11.2015;18:30:00;30,00;12;
03.11.2015;18:30:00;03.11.2015;18:45:00;36,00;16;
03.11.2015;18:45:00;03.11.2015;19:00:00;42,00;15;
03.11.2015;19:00:00;03.11.2015;19:15:00;44,00;8;
03.11.2015;19:15:00;03.11.2015;19:30:00;43,00;6;
03.11.2015;19:30:00;03.11.2015;19:45:00;42,00;6;
03.11.2015;19:45:00;03.11.2015;20:00:00;41,00;8;
03.11.2015;20:00:00;03.11.2015;20:15:00;40,00;20;
03.11.2015;20:15:00;03.11.2015;20:30:00;37,00;16;
03.11.2015;20:30:00;03.11.2015;20:45:00;35,00;22;
03.11.2015;20:45:00;03.11.2015;21:00:00;33,00;24;
03.11.2015;21:00:00;03.11.2015;21:15:00;32,00;33;
03.11.2015;21:15:00;03.11.2015;21:30:00;33,00;25;
03.11.2015;21:30:00;03.11.2015;21:45:00;33,00;40;
03.11.2015;21:45:00;03.11.2015;22:00:00;34,00;38;
03.11.2015;22:00:00;03.11.2015;22:15:00;34,00;39;
03.11.2015;22:15:00;03.11.2015;22:30:00;33,00;51;
03.11.2015;22:30:00;03.11.2015;22:45:00;31,00;63;
03.11.2015;22:45:00;03.11.2015;23:00:00;30,00;68;
03.11.2015;23:00:00;03.11.2015;23:15:00;29,00;66;
03.11.2015;23:15:00;03.11.2015;23:30:00;27,00;81;
03.11.2015;23:30:00;03.11.2015;23:45:00;25,00;101;
03.11.2015;23:45:00;04.11.2015;00:00:00;23,00;127;
04.11.2015;00:00:00;04.11.2015;00:15:00;97,00;135;
04.11.2015;00:15:00;04.11.2015;00:30:00;103,00;133;
04.11.2015;00:30:00;04.11.2015;00:45:00;109,00;128;
04.11.2015;00:45:00;04.11.2015;01:00:00;115,00;122;
04.11.2015;01:00:00;04.11.2015;01:15:00;117,00;109;
04.11.2015;01:15:00;04.11.2015;01:30:00;115,00;95;
04.11.2015;01:30:00;04.11.2015;01:45:00;113,00;93;
04.11.2015;01:45:00;04.11.2015;02:00:00;112,00;89;
04.11.2015;02:00:00;04.11.2015;02:15:00;107,00;75;
04.11.2015;02:15:00;04.11.2015;02:30:00;98,00;76;
04.11.2015;02:30:00;04.11.2015;02:45:00;90,00;73;
04.11.2015;02:45:00;04.11.2015;03:00:00;82,00;74;
04.11.2015;03:00:00;04.11.2015;03:15:00;74,00;71;
04.11.2015;03:15:00;04.11.2015;03:30:00;68,00;67;
04.11.2015;03:30:00;04.11.2015;03:45:00;62,00;66;
04.11.2015;03:45:00;04.11.2015;04:00:00;56,00;57;
04.11.2015;04:00:00;04.11.2015;04:15:00;50,00;39;
04.11.2015;04:15:00;04.11.2015;04:30:00;46,00;30;
04.11.2015;04:30:00;04.11.2015;04:45:00;42,00;27;
04.11.2015;04:45:00;04.11.2015;05:00:00;37,00;32;
04.11.2015;05:00:00;04.11.2015;05:15:00;34,00;35;
04.11.2015;05:15:00;04.11.2015;05:30:00;31,00;33;
04.11.2015;05:30:00;04.11.2015;05:45:00;28,00;34;
04.11.2015;05:45:00;04.11.2015;06:00:00;26,00;32;
04.11.2015;06:00:00;04.11.2015;06:15:00;24,00;31;
04.11.2015;06:15:00;04.11.2015;06:30:00;25,00;33;
04.11.2015;06:30:00;04.11.2015;06:45:00;25,00;29;
04.11.2015;06:45:00;04.11.2015;07:00:00;26,00;28;
04.11.2015;07:00:00;04.11.2015;07:15:00;27,00;30;
04.11.2015;07:15:00;04.11.2015;07:30:00;29,00;34;
04.11.2015;07:30:00;04.11.2015;07:45:00;30,00;39;
04.11.2015;07:45:00;04.11.2015;08:00:00;32,00;42;
04.11.2015;08:00:00;04.11.2015;08:15:00;33,00;43;
04.11.2015;08:15:00;04.11.2015;08:30:00;35,00;48;
04.11.2015;08:30:00;04.11.2015;08:45:00;37,00;47;
04.11.2015;08:45:00;04.11.2015;09:00:00;39,00;44;
04.11.2015;09:00:00;04.11.2015;09:15:00;41,00;41;
04.11.2015;09:15:00;04.11.2015;09:30:00;43,00;36;
04.11.2015;09:30:00;04.11.2015;09:45:00;45,00;31;
04.11.2015;09:45:00;04.11.2015;10:00:00;48,00;26;
04.11.2015;10:00:00;04.11.2015;10:15:00;47,00;25;
04.11.2015;10:15:00;04.11.2015;10:30:00;43,00;27;
04.11.2015;10:30:00;04.11.2015;10:45:00;39,00;27;
04.11.2015;10:45:00;04.11.2015;11:00:00;36,00;26;
04.11.2015;11:00:00;04.11.2015;11:15:00;33,00;24;
04.11.2015;11:15:00;04.11.2015;11:30:00;31,00;22;
04.11.2015;11:30:00;04.11.2015;11:45:00;28,00;22;
04.11.2015;11:45:00;04.11.2015;12:00:00;26,00;22;
04.11.2015;12:00:00;04.11.2015;12:15:00;24,00;17;
04.11.2015;12:15:00;04.11.2015;12:30:00;22,00;15;
04.11.2015;12:30:00;04.11.2015;12:45:00;20,00;13;
04.11.2015;12:45:00;04.11.2015;13:00:00;18,00;18;
04.11.2015;13:00:00;04.11.2015;13:15:00;17,00;19;
04.11.2015;13:15:00;04.11.2015;13:30:00;17,00;20;
04.11.2015;13:30:00;04.11.2015;13:45:00;16,00;16;
04.11.2015;13:45:00;04.11.2015;14:00:00;16,00;13;
04.11.2015;14:00:00;04.11.2015;14:15:00;16,00;15;
04.11.2015;14:15:00;04.11.2015;14:30:00;16,00;16;
04.11.2015;14:30:00;04.11.2015;14:45:00;16,00;18;
04.11.2015;14:45:00;04.11.2015;15:00:00;17,00;17;
04.11.2015;15:00:00;04.11.2015;15:15:00;18,00;26;
04.11.2015;15:15:00;04.11.2015;15:30:00;19,00;21;
04.11.2015;15:30:00;04.11.2015;15:45:00;20,00;18;
04.11.2015;15:45:00;04.11.2015;16:00:00;22,00;16;
04.11.2015;16:00:00;04.11.2015;16:15:00;23,00;16;
04.11.2015;16:15:00;04.11.2015;16:30:00;24,00;19;
04.11.2015;16:30:00;04.11.2015;16:45:00;25,00;24;
04.11.2015;16:45:00;04.11.2015;17:00:00;27,00;24;
04.11.2015;17:00:00;04.11.2015;17:15:00;28,00;25;
04.11.2015;17:15:00;04.11.2015;17:30:00;29,00;26;
04.11.2015;17:30:00;04.11.2015;17:45:00;30,00;27;
04.11.2015;17:45:00;04.11.2015;18:00:00;32,00;33;
04.11.2015;18:00:00;04.11.2015;18:15:00;33,00;36;
04.11.2015;18:15:00;04.11.2015;18:30:00;34,00;37;
04.11.2015;18:30:00;04.11.2015;18:45:00;35,00;38;
04.11.2015;18:45:00;04.11.2015;19:00:00;36,00;37;
04.11.2015;19:00:00;04.11.2015;19:15:00;38,00;36;
04.11.2015;19:15:00;04.11.2015;19:30:00;40,00;33;
04.11.2015;19:30:00;04.11.2015;19:45:00;42,00;34;
04.11.2015;19:45:00;04.11.2015;20:00:00;43,00;37;
04.11.2015;20:00:00;04.11.2015;20:15:00;44,00;40;
04.11.2015;20:15:00;04.11.2015;20:30:00;45,00;44;
04.11.2015;20:30:00;04.11.2015;20:45:00;45,00;45;
04.11.2015;20:45:00;04.11.2015;21:00:00;45,00;49;
04.11.2015;21:00:00;04.11.2015;21:15:00;45,00;46;
04.11.2015;21:15:00;04.11.2015;21:30:00;45,00;43;
04.11.2015;21:30:00;04.11.2015;21:45:00;45,00;45;
04.11.2015;21:45:00;04.11.2015;22:00:00;46,00;50;
04.11.2015;22:00:00;04.11.2015;22:15:00;45,00;47;
04.11.2015;22:15:00;04.11.2015;22:30:00;43,00;43;
04.11.2015;22:30:00;04.11.2015;22:45:00;41,00;45;
04.11.2015;22:45:00;04.11.2015;23:00:00;40,00;42;
04.11.2015;23:00:00;04.11.2015;23:15:00;38,00;41;
04.11.2015;23:15:00;04.11.2015;23:30:00;36,00;41;
04.11.2015;23:30:00;04.11.2015;23:45:00;35,00;38;
04.11.2015;23:45:00;05.11.2015;00:00:00;33,00;33;
05.11.2015;00:00:00;05.11.2015;00:15:00;20,00;28;
05.11.2015;00:15:00;05.11.2015;00:30:00;18,00;23;
05.11.2015;00:30:00;05.11.2015;00:45:00;17,00;19;
05.11.2015;00:45:00;05.11.2015;01:00:00;15,00;13;
05.11.2015;01:00:00;05.11.2015;01:15:00;13,00;9;
05.11.2015;01:15:00;05.11.2015;01:30:00;12,00;7;
05.11.2015;01:30:00;05.11.2015;01:45:00;11,00;6;
05.11.2015;01:45:00;05.11.2015;02:00:00;10,00;5;
05.11.2015;02:00:00;05.11.2015;02:15:00;8,00;5;
05.11.2015;02:15:00;05.11.2015;02:30:00;7,00;4;
05.11.2015;02:30:00;05.11.2015;02:45:00;5,00;4;
05.11.2015;02:45:00;05.11.2015;03:00:00;4,00;3;
05.11.2015;03:00:00;05.11.2015;03:15:00;3,00;3;
05.11.2015;03:15:00;05.11.2015;03:30:00;3,00;3;
05.11.2015;03:30:00;05.11.2015;03:45:00;3,00;3;
05.11.2015;03:45:00;05.11.2015;04:00:00;3,00;2;
05.11.2015;04:00:00;05.11.2015;04:15:00;2,00;2;
05.11.2015;04:15:00;05.11.2015;04:30:00;2,00;3;
05.11.2015;04:30:00;05.11.2015;04:45:00;2,00;3;
05.11.2015;04:45:00;05.11.2015;05:00:00;2,00;3;
05.11.2015;05:00:00;05.11.2015;05:15:00;2,00;2;
05.11.2015;05:15:00;05.11.2015;05:30:00;3,00;2;
05.11.2015;05:30:00;05.11.2015;05:45:00;3,00;2;
05.11.2015;05:45:00;05.11.2015;06:00:00;3,00;2;
05.11.2015;06:00:00;05.11.2015;06:15:00;4,00;2;
05.11.2015;06:15:00;05.11.2015;06:30:00;5,00;1;
05.11.2015;06:30:00;05.11.2015;06:45:00;6,00;1;
05.11.2015;06:45:00;05.11.2015;07:00:00;7,00;1;
05.11.2015;07:00:00;05.11.2015;07:15:00;7,00;1;
05.11.2015;07:15:00;05.11.2015;07:30:00;8,00;1;
05.11.2015;07:30:00;05.11.2015;07:45:00;8,00;1;
05.11.2015;07:45:00;05.11.2015;08:00:00;9,00;2;
05.11.2015;08:00:00;05.11.2015;08:15:00;9,00;2;
05.11.2015;08:15:00;05.11.2015;08:30:00;10,00;2;
05.11.2015;08:30:00;05.11.2015;08:45:00;10,00;2;
05.11.2015;08:45:00;05.11.2015;09:00:00;10,00;2;
05.11.2015;09:00:00;05.11.2015;09:15:00;10,00;2;
05.11.2015;09:15:00;05.11.2015;09:30:00;10,00;2;
05.11.2015;09:30:00;05.11.2015;09:45:00;9,00;2;
05.11.2015;09:45:00;05.11.2015;10:00:00;9,00;2;
05.11.2015;10:00:00;05.11.2015;10:15:00;8,00;2;
05.11.2015;10:15:00;05.11.2015;10:30:00;7,00;2;
05.11.2015;10:30:00;05.11.2015;10:45:00;7,00;2;
05.11.2015;10:45:00;05.11.2015;11:00:00;6,00;1;
05.11.2015;11:00:00;05.11.2015;11:15:00;5,00;1;
05.11.2015;11:15:00;05.11.2015;11:30:00;4,00;1;
05.11.2015;11:30:00;05.11.2015;11:45:00;3,00;1;
05.11.2015;11:45:00;05.11.2015;12:00:00;2,00;1;
05.11.2015;12:00:00;05.11.2015;12:15:00;2,00;1;
05.11.2015;12:15:00;05.11.2015;12:30:00;2,00;1;
05.11.2015;12:30:00;05.11.2015;12:45:00;2,00;1;
05.11.2015;12:45:00;05.11.2015;13:00:00;2,00;1;
05.11.2015;13:00:00;05.11.2015;13:15:00;2,00;1;
05.11.2015;13:15:00;05.11.2015;13:30:00;2,00;0;
05.11.2015;13:30:00;05.11.2015;13:45:00;1,00;0;
05.11.2015;13:45:00;05.11.2015;14:00:00;1,00;1;
05.11.2015;14:00:00;05.11.2015;14:15:00;1,00;0;
05.11.2015;14:15:00;05.11.2015;14:30:00;2,00;1;
05.11.2015;14:30:00;05.11.2015;14:45:00;2,00;0;
05.11.2015;14:45:00;05.11.2015;15:00:00;2,00;0;
05.11.2015;15:00:00;05.11.2015;15:15:00;2,00;0;
05.11.2015;15:15:00;05.11.2015;15:30:00;2,00;0;
05.11.2015;15:30:00;05.11.2015;15:45:00;3,00;0;
05.11.2015;15:45:00;05.11.2015;16:00:00;3,00;1;
05.11.2015;16:00:00;05.11.2015;16:15:00;3,00;1;
05.11.2015;16:15:00;05.11.2015;16:30:00;4,00;1;
05.11.2015;16:30:00;05.11.2015;16:45:00;5,00;2;
05.11.2015;16:45:00;05.11.2015;17:00:00;5,00;3;
05.11.2015;17:00:00;05.11.2015;17:15:00;6,00;4;
05.11.2015;17:15:00;05.11.2015;17:30:00;8,00;6;
05.11.2015;17:30:00;05.11.2015;17:45:00;10,00;7;
05.11.2015;17:45:00;05.11.2015;18:00:00;12,00;7;
05.11.2015;18:00:00;05.11.2015;18:15:00;14,00;9;
05.11.2015;18:15:00;05.11.2015;18:30:00;16,00;13;
05.11.2015;18:30:00;05.11.2015;18:45:00;19,00;16;
05.11.2015;18:45:00;05.11.2015;19:00:00;21,00;17;
05.11.2015;19:00:00;05.11.2015;19:15:00;24,00;21;
05.11.2015;19:15:00;05.11.2015;19:30:00;27,00;25;
05.11.2015;19:30:00;05.11.2015;19:45:00;31,00;34;
05.11.2015;19:45:00;05.11.2015;20:00:00;35,00;41;
05.11.2015;20:00:00;05.11.2015;20:15:00;39,00;51;
05.11.2015;20:15:00;05.11.2015;20:30:00;43,00;63;
05.11.2015;20:30:00;05.11.2015;20:45:00;47,00;70;
05.11.2015;20:45:00;05.11.2015;21:00:00;52,00;75;
05.11.2015;21:00:00;05.11.2015;21:15:00;56,00;77;
05.11.2015;21:15:00;05.11.2015;21:30:00;59,00;80;
05.11.2015;21:30:00;05.11.2015;21:45:00;63,00;80;
05.11.2015;21:45:00;05.11.2015;22:00:00;67,00;80;
05.11.2015;22:00:00;05.11.2015;22:15:00;71,00;80;
05.11.2015;22:15:00;05.11.2015;22:30:00;75,00;78;
05.11.2015;22:30:00;05.11.2015;22:45:00;79,00;81;
05.11.2015;22:45:00;05.11.2015;23:00:00;83,00;81;
05.11.2015;23:00:00;05.11.2015;23:15:00;86,00;84;
05.11.2015;23:15:00;05.11.2015;23:30:00;87,00;83;
05.11.2015;23:30:00;05.11.2015;23:45:00;89,00;75;
05.11.2015;23:45:00;06.11.2015;00:00:00;91,00;71;
06.11.2015;00:00:00;06.11.2015;00:15:00;81,00;66;
06.11.2015;00:15:00;06.11.2015;00:30:00;80,00;65;
06.11.2015;00:30:00;06.11.2015;00:45:00;79,00;70;
06.11.2015;00:45:00;06.11.2015;01:00:00;78,00;75;
06.11.2015;01:00:00;06.11.2015;01:15:00;77,00;79;
06.11.2015;01:15:00;06.11.2015;01:30:00;77,00;73;
06.11.2015;01:30:00;06.11.2015;01:45:00;76,00;69;
06.11.2015;01:45:00;06.11.2015;02:00:00;75,00;74;
06.11.2015;02:00:00;06.11.2015;02:15:00;75,00;78;
06.11.2015;02:15:00;06.11.2015;02:30:00;75,00;83;
06.11.2015;02:30:00;06.11.2015;02:45:00;75,00;94;
06.11.2015;02:45:00;06.11.2015;03:00:00;75,00;94;
06.11.2015;03:00:00;06.11.2015;03:15:00;76,00;99;
06.11.2015;03:15:00;06.11.2015;03:30:00;79,00;93;
06.11.2015;03:30:00;06.11.2015;03:45:00;81,00;88;
06.11.2015;03:45:00;06.11.2015;04:00:00;83,00;93;
06.11.2015;04:00:00;06.11.2015;04:15:00;84,00;91;
06.11.2015;04:15:00;06.11.2015;04:30:00;85,00;101;
06.11.2015;04:30:00;06.11.2015;04:45:00;85,00;100;
06.11.2015;04:45:00;06.11.2015;05:00:00;86,00;89;
06.11.2015;05:00:00;06.11.2015;05:15:00;87,00;89;
06.11.2015;05:15:00;06.11.2015;05:30:00;88,00;86;
06.11.2015;05:30:00;06.11.2015;05:45:00;90,00;75;
06.11.2015;05:45:00;06.11.2015;06:00:00;91,00;76;
06.11.2015;06:00:00;06.11.2015;06:15:00;93,00;85;
06.11.2015;06:15:00;06.11.2015;06:30:00;94,00;84;
06.11.2015;06:30:00;06.11.2015;06:45:00;96,00;87;
06.11.2015;06:45:00;06.11.2015;07:00:00;98,00;95;
06.11.2015;07:00:00;06.11.2015;07:15:00;99,00;91;
06.11.2015;07:15:00;06.11.2015;07:30:00;101,00;98;
06.11.2015;07:30:00;06.11.2015;07:45:00;102,00;102;
06.11.2015;07:45:00;06.11.2015;08:00:00;104,00;112;
06.11.2015;08:00:00;06.11.2015;08:15:00;107,00;114;
06.11.2015;08:15:00;06.11.2015;08:30:00;113,00;116;
06.11.2015;08:30:00;06.11.2015;08:45:00;119,00;116;
06.11.2015;08:45:00;06.11.2015;09:00:00;124,00;118;
06.11.2015;09:00:00;06.11.2015;09:15:00;131,00;112;
06.11.2015;09:15:00;06.11.2015;09:30:00;139,00;98;
06.11.2015;09:30:00;06.11.2015;09:45:00;146,00;90;
06.11.2015;09:45:00;06.11.2015;10:00:00;154,00;77;
06.11.2015;10:00:00;06.11.2015;10:15:00;156,00;69;
06.11.2015;10:15:00;06.11.2015;10:30:00;152,00;69;
06.11.2015;10:30:00;06.11.2015;10:45:00;148,00;74;
06.11.2015;10:45:00;06.11.2015;11:00:00;144,00;74;
06.11.2015;11:00:00;06.11.2015;11:15:00;138,00;78;
06.11.2015;11:15:00;06.11.2015;11:30:00;130,00;74;
06.11.2015;11:30:00;06.11.2015;11:45:00;121,00;70;
06.11.2015;11:45:00;06.11.2015;12:00:00;113,00;83;
06.11.2015;12:00:00;06.11.2015;12:15:00;108,00;76;
06.11.2015;12:15:00;06.11.2015;12:30:00;105,00;77;
06.11.2015;12:30:00;06.11.2015;12:45:00;103,00;79;
06.11.2015;12:45:00;06.11.2015;13:00:00;101,00;81;
06.11.2015;13:00:00;06.11.2015;13:15:00;98,00;91;
06.11.2015;13:15:00;06.11.2015;13:30:00;95,00;85;
06.11.2015;13:30:00;06.11.2015;13:45:00;91,00;79;
06.11.2015;13:45:00;06.11.2015;14:00:00;87,00;105;
06.11.2015;14:00:00;06.11.2015;14:15:00;85,00;95;
06.11.2015;14:15:00;06.11.2015;14:30:00;84,00;88;
06.11.2015;14:30:00;06.11.2015;14:45:00;84,00;79;
06.11.2015;14:45:00;06.11.2015;15:00:00;83,00;68;
06.11.2015;15:00:00;06.11.2015;15:15:00;83,00;62;
06.11.2015;15:15:00;06.11.2015;15:30:00;83,00;68;
06.11.2015;15:30:00;06.11.2015;15:45:00;84,00;62;
06.11.2015;15:45:00;06.11.2015;16:00:00;84,00;73;
06.11.2015;16:00:00;06.11.2015;16:15:00;87,00;80;
06.11.2015;16:15:00;06.11.2015;16:30:00;91,00;80;
06.11.2015;16:30:00;06.11.2015;16:45:00;96,00;77;
06.11.2015;16:45:00;06.11.2015;17:00:00;101,00;89;
06.11.2015;17:00:00;06.11.2015;17:15:00;106,00;90;
06.11.2015;17:15:00;06.11.2015;17:30:00;111,00;99;
06.11.2015;17:30:00;06.11.2015;17:45:00;116,00;112;
06.11.2015;17:45:00;06.11.2015;18:00:00;122,00;122;
06.11.2015;18:00:00;06.11.2015;18:15:00;127,00;136;
06.11.2015;18:15:00;06.11.2015;18:30:00;132,00;135;
06.11.2015;18:30:00;06.11.2015;18:45:00;138,00;134;
06.11.2015;18:45:00;06.11.2015;19:00:00;143,00;148;
06.11.2015;19:00:00;06.11.2015;19:15:00;145,00;167;
06.11.2015;19:15:00;06.11.2015;19:30:00;145,00;174;
06.11.2015;19:30:00;06.11.2015;19:45:00;144,00;183;
06.11.2015;19:45:00;06.11.2015;20:00:00;143,00;175;
06.11.2015;20:00:00;06.11.2015;20:15:00;145,00;183;
06.11.2015;20:15:00;06.11.2015;20:30:00;149,00;173;
06.11.2015;20:30:00;06.11.2015;20:45:00;152,00;183;
06.11.2015;20:45:00;06.11.2015;21:00:00;156,00;186;
06.11.2015;21:00:00;06.11.2015;21:15:00;158,00;181;
06.11.2015;21:15:00;06.11.2015;21:30:00;160,00;195;
06.11.2015;21:30:00;06.11.2015;21:45:00;162,00;204;
06.11.2015;21:45:00;06.11.2015;22:00:00;164,00;196;
06.11.2015;22:00:00;06.11.2015;22:15:00;167,00;190;
06.11.2015;22:15:00;06.11.2015;22:30:00;173,00;188;
06.11.2015;22:30:00;06.11.2015;22:45:00;179,00;202;
06.11.2015;22:45:00;06.11.2015;23:00:00;185,00;213;
06.11.2015;23:00:00;06.11.2015;23:15:00;190,00;222;
06.11.2015;23:15:00;06.11.2015;23:30:00;197,00;225;
06.11.2015;23:30:00;06.11.2015;23:45:00;203,00;233;
06.11.2015;23:45:00;07.11.2015;00:00:00;209,00;243;
07.11.2015;00:00:00;07.11.2015;00:15:00;220,00;212;
07.11.2015;00:15:00;07.11.2015;00:30:00;222,00;224;
07.11.2015;00:30:00;07.11.2015;00:45:00;224,00;224;
07.11.2015;00:45:00;07.11.2015;01:00:00;227,00;230;
07.11.2015;01:00:00;07.11.2015;01:15:00;227,00;228;
07.11.2015;01:15:00;07.11.2015;01:30:00;225,00;221;
07.11.2015;01:30:00;07.11.2015;01:45:00;223,00;218;
07.11.2015;01:45:00;07.11.2015;02:00:00;221,00;222;
07.11.2015;02:00:00;07.11.2015;02:15:00;218,00;214;
07.11.2015;02:15:00;07.11.2015;02:30:00;214,00;212;
07.11.2015;02:30:00;07.11.2015;02:45:00;210,00;206;
07.11.2015;02:45:00;07.11.2015;03:00:00;206,00;196;
07.11.2015;03:00:00;07.11.2015;03:15:00;202,00;193;
07.11.2015;03:15:00;07.11.2015;03:30:00;197,00;196;
07.11.2015;03:30:00;07.11.2015;03:45:00;192,00;190;
07.11.2015;03:45:00;07.11.2015;04:00:00;187,00;184;
07.11.2015;04:00:00;07.11.2015;04:15:00;184,00;180;
07.11.2015;04:15:00;07.11.2015;04:30:00;185,00;159;
07.11.2015;04:30:00;07.11.2015;04:45:00;185,00;145;
07.11.2015;04:45:00;07.11.2015;05:00:00;185,00;141;
07.11.2015;05:00:00;07.11.2015;05:15:00;186,00;140;
07.11.2015;05:15:00;07.11.2015;05:30:00;188,00;137;
07.11.2015;05:30:00;07.11.2015;05:45:00;191,00;138;
07.11.2015;05:45:00;07.11.2015;06:00:00;193,00;143;
07.11.2015;06:00:00;07.11.2015;06:15:00;193,00;140;
07.11.2015;06:15:00;07.11.2015;06:30:00;190,00;135;
07.11.2015;06:30:00;07.11.2015;06:45:00;188,00;135;
07.11.2015;06:45:00;07.11.2015;07:00:00;186,00;135;
07.11.2015;07:00:00;07.11.2015;07:15:00;181,00;130;
07.11.2015;07:15:00;07.11.2015;07:30:00;174,00;118;
07.11.2015;07:30:00;07.11.2015;07:45:00;167,00;115;
07.11.2015;07:45:00;07.11.2015;08:00:00;160,00;104;
07.11.2015;08:00:00;07.11.2015;08:15:00;152,00;99;
07.11.2015;08:15:00;07.11.2015;08:30:00;145,00;96;
07.11.2015;08:30:00;07.11.2015;08:45:00;137,00;98;
07.11.2015;08:45:00;07.11.2015;09:00:00;130,00;88;
07.11.2015;09:00:00;07.11.2015;09:15:00;122,00;74;
07.11.2015;09:15:00;07.11.2015;09:30:00;113,00;64;
07.11.2015;09:30:00;07.11.2015;09:45:00;104,00;57;
07.11.2015;09:45:00;07.11.2015;10:00:00;94,00;54;
07.11.2015;10:00:00;07.11.2015;10:15:00;88,00;55;
07.11.2015;10:15:00;07.11.2015;10:30:00;84,00;55;
07.11.2015;10:30:00;07.11.2015;10:45:00;80,00;57;
07.11.2015;10:45:00;07.11.2015;11:00:00;76,00;56;
07.11.2015;11:00:00;07.11.2015;11:15:00;73,00;54;
07.11.2015;11:15:00;07.11.2015;11:30:00;70,00;53;
07.11.2015;11:30:00;07.11.2015;11:45:00;66,00;45;
07.11.2015;11:45:00;07.11.2015;12:00:00;63,00;41;
07.11.2015;12:00:00;07.11.2015;12:15:00;61,00;51;
07.11.2015;12:15:00;07.11.2015;12:30:00;59,00;53;
07.11.2015;12:30:00;07.11.2015;12:45:00;57,00;53;
07.11.2015;12:45:00;07.11.2015;13:00:00;55,00;51;
07.11.2015;13:00:00;07.11.2015;13:15:00;53,00;46;
07.11.2015;13:15:00;07.11.2015;13:30:00;49,00;45;
07.11.2015;13:30:00;07.11.2015;13:45:00;46,00;41;
07.11.2015;13:45:00;07.11.2015;14:00:00;42,00;45;
07.11.2015;14:00:00;07.11.2015;14:15:00;39,00;40;
07.11.2015;14:15:00;07.11.2015;14:30:00;37,00;44;
07.11.2015;14:30:00;07.11.2015;14:45:00;35,00;43;
07.11.2015;14:45:00;07.11.2015;15:00:00;32,00;36;
07.11.2015;15:00:00;07.11.2015;15:15:00;31,00;34;
07.11.2015;15:15:00;07.11.2015;15:30:00;31,00;28;
07.11.2015;15:30:00;07.11.2015;15:45:00;30,00;26;
07.11.2015;15:45:00;07.11.2015;16:00:00;30,00;24;
07.11.2015;16:00:00;07.11.2015;16:15:00;30,00;22;
07.11.2015;16:15:00;07.11.2015;16:30:00;31,00;23;
07.11.2015;16:30:00;07.11.2015;16:45:00;31,00;20;
07.11.2015;16:45:00;07.11.2015;17:00:00;32,00;22;
07.11.2015;17:00:00;07.11.2015;17:15:00;33,00;28;
07.11.2015;17:15:00;07.11.2015;17:30:00;35,00;33;
07.11.2015;17:30:00;07.11.2015;17:45:00;37,00;41;
07.11.2015;17:45:00;07.11.2015;18:00:00;39,00;48;
07.11.2015;18:00:00;07.11.2015;18:15:00;42,00;62;
07.11.2015;18:15:00;07.11.2015;18:30:00;46,00;71;
07.11.2015;18:30:00;07.11.2015;18:45:00;49,00;76;
07.11.2015;18:45:00;07.11.2015;19:00:00;53,00;81;
07.11.2015;19:00:00;07.11.2015;19:15:00;57,00;91;
07.11.2015;19:15:00;07.11.2015;19:30:00;61,00;95;
07.11.2015;19:30:00;07.11.2015;19:45:00;64,00;101;
07.11.2015;19:45:00;07.11.2015;20:00:00;68,00;110;
07.11.2015;20:00:00;07.11.2015;20:15:00;71,00;118;
07.11.2015;20:15:00;07.11.2015;20:30:00;73,00;124;
07.11.2015;20:30:00;07.11.2015;20:45:00;76,00;149;
07.11.2015;20:45:00;07.11.2015;21:00:00;78,00;165;
07.11.2015;21:00:00;07.11.2015;21:15:00;81,00;177;
07.11.2015;21:15:00;07.11.2015;21:30:00;86,00;189;
07.11.2015;21:30:00;07.11.2015;21:45:00;90,00;210;
07.11.2015;21:45:00;07.11.2015;22:00:00;94,00;214;
07.11.2015;22:00:00;07.11.2015;22:15:00;99,00;224;
07.11.2015;22:15:00;07.11.2015;22:30:00;104,00;221;
07.11.2015;22:30:00;07.11.2015;22:45:00;110,00;211;
07.11.2015;22:45:00;07.11.2015;23:00:00;115,00;204;
07.11.2015;23:00:00;07.11.2015;23:15:00;121,00;214;
07.11.2015;23:15:00;07.11.2015;23:30:00;127,00;205;
07.11.2015;23:30:00;07.11.2015;23:45:00;133,00;194;
07.11.2015;23:45:00;08.11.2015;00:00:00;139,00;225;
08.11.2015;00:00:00;08.11.2015;00:15:00;284,00;238;
08.11.2015;00:15:00;08.11.2015;00:30:00;293,00;237;
08.11.2015;00:30:00;08.11.2015;00:45:00;302,00;224;
08.11.2015;00:45:00;08.11.2015;01:00:00;311,00;208;
08.11.2015;01:00:00;08.11.2015;01:15:00;313,00;208;
08.11.2015;01:15:00;08.11.2015;01:30:00;307,00;215;
08.11.2015;01:30:00;08.11.2015;01:45:00;302,00;204;
08.11.2015;01:45:00;08.11.2015;02:00:00;297,00;191;
08.11.2015;02:00:00;08.11.2015;02:15:00;288,00;197;
08.11.2015;02:15:00;08.11.2015;02:30:00;274,00;205;
08.11.2015;02:30:00;08.11.2015;02:45:00;261,00;193;
08.11.2015;02:45:00;08.11.2015;03:00:00;248,00;182;
08.11.2015;03:00:00;08.11.2015;03:15:00;233,00;171;
08.11.2015;03:15:00;08.11.2015;03:30:00;215,00;150;
08.11.2015;03:30:00;08.11.2015;03:45:00;197,00;134;
08.11.2015;03:45:00;08.11.2015;04:00:00;179,00;123;
08.11.2015;04:00:00;08.11.2015;04:15:00;164,00;121;
08.11.2015;04:15:00;08.11.2015;04:30:00;150,00;115;
08.11.2015;04:30:00;08.11.2015;04:45:00;136,00;107;
08.11.2015;04:45:00;08.11.2015;05:00:00;122,00;100;
08.11.2015;05:00:00;08.11.2015;05:15:00;110,00;97;
08.11.2015;05:15:00;08.11.2015;05:30:00;101,00;95;
08.11.2015;05:30:00;08.11.2015;05:45:00;92,00;92;
08.11.2015;05:45:00;08.11.2015;06:00:00;83,00;72;
08.11.2015;06:00:00;08.11.2015;06:15:00;75,00;58;
08.11.2015;06:15:00;08.11.2015;06:30:00;67,00;54;
08.11.2015;06:30:00;08.11.2015;06:45:00;59,00;59;
08.11.2015;06:45:00;08.11.2015;07:00:00;51,00;46;
08.11.2015;07:00:00;08.11.2015;07:15:00;44,00;37;
08.11.2015;07:15:00;08.11.2015;07:30:00;38,00;31;
08.11.2015;07:30:00;08.11.2015;07:45:00;33,00;23;
08.11.2015;07:45:00;08.11.2015;08:00:00;27,00;18;
08.11.2015;08:00:00;08.11.2015;08:15:00;22,00;13;
08.11.2015;08:15:00;08.11.2015;08:30:00;20,00;7;
08.11.2015;08:30:00;08.11.2015;08:45:00;17,00;6;
08.11.2015;08:45:00;08.11.2015;09:00:00;14,00;5;
08.11.2015;09:00:00;08.11.2015;09:15:00;12,00;6;
08.11.2015;09:15:00;08.11.2015;09:30:00;12,00;6;
08.11.2015;09:30:00;08.11.2015;09:45:00;12,00;5;
08.11.2015;09:45:00;08.11.2015;10:00:00;12,00;5;
08.11.2015;10:00:00;08.11.2015;10:15:00;12,00;5;
08.11.2015;10:15:00;08.11.2015;10:30:00;11,00;4;
08.11.2015;10:30:00;08.11.2015;10:45:00;10,00;3;
08.11.2015;10:45:00;08.11.2015;11:00:00;10,00;3;
08.11.2015;11:00:00;08.11.2015;11:15:00;10,00;2;
08.11.2015;11:15:00;08.11.2015;11:30:00;10,00;1;
08.11.2015;11:30:00;08.11.2015;11:45:00;10,00;2;
08.11.2015;11:45:00;08.11.2015;12:00:00;10,00;2;
08.11.2015;12:00:00;08.11.2015;12:15:00;11,00;5;
08.11.2015;12:15:00;08.11.2015;12:30:00;12,00;6;
08.11.2015;12:30:00;08.11.2015;12:45:00;13,00;7;
08.11.2015;12:45:00;08.11.2015;13:00:00;14,00;9;
08.11.2015;13:00:00;08.11.2015;13:15:00;15,00;12;
08.11.2015;13:15:00;08.11.2015;13:30:00;16,00;12;
08.11.2015;13:30:00;08.11.2015;13:45:00;17,00;12;
08.11.2015;13:45:00;08.11.2015;14:00:00;18,00;13;
08.11.2015;14:00:00;08.11.2015;14:15:00;20,00;12;
08.11.2015;14:15:00;08.11.2015;14:30:00;21,00;13;
08.11.2015;14:30:00;08.11.2015;14:45:00;22,00;10;
08.11.2015;14:45:00;08.11.2015;15:00:00;23,00;8;
08.11.2015;15:00:00;08.11.2015;15:15:00;25,00;7;
08.11.2015;15:15:00;08.11.2015;15:30:00;28,00;10;
08.11.2015;15:30:00;08.11.2015;15:45:00;32,00;9;
08.11.2015;15:45:00;08.11.2015;16:00:00;35,00;11;
08.11.2015;16:00:00;08.11.2015;16:15:00;39,00;13;
08.11.2015;16:15:00;08.11.2015;16:30:00;44,00;16;
08.11.2015;16:30:00;08.11.2015;16:45:00;48,00;20;
08.11.2015;16:45:00;08.11.2015;17:00:00;53,00;26;
08.11.2015;17:00:00;08.11.2015;17:15:00;60,00;34;
08.11.2015;17:15:00;08.11.2015;17:30:00;68,00;35;
08.11.2015;17:30:00;08.11.2015;17:45:00;77,00;43;
08.11.2015;17:45:00;08.11.2015;18:00:00;86,00;53;
08.11.2015;18:00:00;08.11.2015;18:15:00;94,00;60;
08.11.2015;18:15:00;08.11.2015;18:30:00;103,00;70;
08.11.2015;18:30:00;08.11.2015;18:45:00;111,00;87;
08.11.2015;18:45:00;08.11.2015;19:00:00;120,00;100;
08.11.2015;19:00:00;08.11.2015;19:15:00;126,00;111;
08.11.2015;19:15:00;08.11.2015;19:30:00;131,00;127;
08.11.2015;19:30:00;08.11.2015;19:45:00;137,00;145;
08.11.2015;19:45:00;08.11.2015;20:00:00;142,00;163;
08.11.2015;20:00:00;08.11.2015;20:15:00;146,00;166;
08.11.2015;20:15:00;08.11.2015;20:30:00;149,00;177;
08.11.2015;20:30:00;08.11.2015;20:45:00;152,00;197;
08.11.2015;20:45:00;08.11.2015;21:00:00;155,00;216;
08.11.2015;21:00:00;08.11.2015;21:15:00;158,00;239;
08.11.2015;21:15:00;08.11.2015;21:30:00;161,00;251;
08.11.2015;21:30:00;08.11.2015;21:45:00;164,00;278;
08.11.2015;21:45:00;08.11.2015;22:00:00;168,00;307;
08.11.2015;22:00:00;08.11.2015;22:15:00;173,00;315;
08.11.2015;22:15:00;08.11.2015;22:30:00;179,00;312;
08.11.2015;22:30:00;08.11.2015;22:45:00;186,00;294;
08.11.2015;22:45:00;08.11.2015;23:00:00;193,00;280;
08.11.2015;23:00:00;08.11.2015;23:15:00;201,00;320;
08.11.2015;23:15:00;08.11.2015;23:30:00;212,00;296;
08.11.2015;23:30:00;08.11.2015;23:45:00;222,00;296;
08.11.2015;23:45:00;09.11.2015;00:00:00;232,00;327;
09.11.2015;00:00:00;09.11.2015;00:15:00;369,00;342;
09.11.2015;00:15:00;09.11.2015;00:30:00;376,00;336;
09.11.2015;00:30:00;09.11.2015;00:45:00;383,00;327;
09.11.2015;00:45:00;09.11.2015;01:00:00;390,00;314;
09.11.2015;01:00:00;09.11.2015;01:15:00;397,00;306;
09.11.2015;01:15:00;09.11.2015;01:30:00;405,00;302;
09.11.2015;01:30:00;09.11.2015;01:45:00;413,00;325;
09.11.2015;01:45:00;09.11.2015;02:00:00;420,00;325;
09.11.2015;02:00:00;09.11.2015;02:15:00;427,00;335;
09.11.2015;02:15:00;09.11.2015;02:30:00;432,00;317;
09.11.2015;02:30:00;09.11.2015;02:45:00;438,00;332;
09.11.2015;02:45:00;09.11.2015;03:00:00;443,00;323;
09.11.2015;03:00:00;09.11.2015;03:15:00;446,00;317;
09.11.2015;03:15:00;09.11.2015;03:30:00;446,00;324;
09.11.2015;03:30:00;09.11.2015;03:45:00;446,00;338;
09.11.2015;03:45:00;09.11.2015;04:00:00;446,00;344;
09.11.2015;04:00:00;09.11.2015;04:15:00;446,00;356;
09.11.2015;04:15:00;09.11.2015;04:30:00;445,00;378;
09.11.2015;04:30:00;09.11.2015;04:45:00;444,00;362;
09.11.2015;04:45:00;09.11.2015;05:00:00;444,00;363;
09.11.2015;05:00:00;09.11.2015;05:15:00;444,00;381;
09.11.2015;05:15:00;09.11.2015;05:30:00;444,00;393;
09.11.2015;05:30:00;09.11.2015;05:45:00;444,00;398;
09.11.2015;05:45:00;09.11.2015;06:00:00;444,00;400;
09.11.2015;06:00:00;09.11.2015;06:15:00;444,00;402;
09.11.2015;06:15:00;09.11.2015;06:30:00;443,00;385;
09.11.2015;06:30:00;09.11.2015;06:45:00;441,00;384;
09.11.2015;06:45:00;09.11.2015;07:00:00;440,00;384;
09.11.2015;07:00:00;09.11.2015;07:15:00;436,00;392;
09.11.2015;07:15:00;09.11.2015;07:30:00;429,00;389;
09.11.2015;07:30:00;09.11.2015;07:45:00;423,00;387;
09.11.2015;07:45:00;09.11.2015;08:00:00;416,00;376;
09.11.2015;08:00:00;09.11.2015;08:15:00;411,00;389;
09.11.2015;08:15:00;09.11.2015;08:30:00;407,00;381;
09.11.2015;08:30:00;09.11.2015;08:45:00;403,00;397;
09.11.2015;08:45:00;09.11.2015;09:00:00;398,00;388;
09.11.2015;09:00:00;09.11.2015;09:15:00;395,00;375;
09.11.2015;09:15:00;09.11.2015;09:30:00;392,00;382;
09.11.2015;09:30:00;09.11.2015;09:45:00;388,00;376;
09.11.2015;09:45:00;09.11.2015;10:00:00;385,00;370;
09.11.2015;10:00:00;09.11.2015;10:15:00;389,00;391;
09.11.2015;10:15:00;09.11.2015;10:30:00;398,00;403;
09.11.2015;10:30:00;09.11.2015;10:45:00;408,00;391;
09.11.2015;10:45:00;09.11.2015;11:00:00;417,00;391;
09.11.2015;11:00:00;09.11.2015;11:15:00;429,00;402;
09.11.2015;11:15:00;09.11.2015;11:30:00;442,00;444;
09.11.2015;11:30:00;09.11.2015;11:45:00;455,00;446;
09.11.2015;11:45:00;09.11.2015;12:00:00;468,00;454;
09.11.2015;12:00:00;09.11.2015;12:15:00;477,00;491;
09.11.2015;12:15:00;09.11.2015;12:30:00;483,00;478;
09.11.2015;12:30:00;09.11.2015;12:45:00;488,00;482;
09.11.2015;12:45:00;09.11.2015;13:00:00;494,00;481;
09.11.2015;13:00:00;09.11.2015;13:15:00;496,00;500;
09.11.2015;13:15:00;09.11.2015;13:30:00;495,00;514;
09.11.2015;13:30:00;09.11.2015;13:45:00;494,00;495;
09.11.2015;13:45:00;09.11.2015;14:00:00;493,00;488;
09.11.2015;14:00:00;09.11.2015;14:15:00;486,00;472;
09.11.2015;14:15:00;09.11.2015;14:30:00;472,00;477;
09.11.2015;14:30:00;09.11.2015;14:45:00;458,00;480;
09.11.2015;14:45:00;09.11.2015;15:00:00;444,00;454;
09.11.2015;15:00:00;09.11.2015;15:15:00;431,00;456;
09.11.2015;15:15:00;09.11.2015;15:30:00;419,00;434;
09.11.2015;15:30:00;09.11.2015;15:45:00;407,00;434;
09.11.2015;15:45:00;09.11.2015;16:00:00;395,00;429;
09.11.2015;16:00:00;09.11.2015;16:15:00;388,00;410;
09.11.2015;16:15:00;09.11.2015;16:30:00;385,00;399;
09.11.2015;16:30:00;09.11.2015;16:45:00;383,00;353;
09.11.2015;16:45:00;09.11.2015;17:00:00;380,00;372;
09.11.2015;17:00:00;09.11.2015;17:15:00;380,00;353;
09.11.2015;17:15:00;09.11.2015;17:30:00;383,00;330;
09.11.2015;17:30:00;09.11.2015;17:45:00;386,00;349;
09.11.2015;17:45:00;09.11.2015;18:00:00;388,00;385;
09.11.2015;18:00:00;09.11.2015;18:15:00;391,00;381;
09.11.2015;18:15:00;09.11.2015;18:30:00;393,00;365;
09.11.2015;18:30:00;09.11.2015;18:45:00;396,00;338;
09.11.2015;18:45:00;09.11.2015;19:00:00;398,00;361;
09.11.2015;19:00:00;09.11.2015;19:15:00;400,00;370;
09.11.2015;19:15:00;09.11.2015;19:30:00;401,00;367;
09.11.2015;19:30:00;09.11.2015;19:45:00;402,00;376;
09.11.2015;19:45:00;09.11.2015;20:00:00;404,00;384;
09.11.2015;20:00:00;09.11.2015;20:15:00;403,00;388;
09.11.2015;20:15:00;09.11.2015;20:30:00;399,00;396;
09.11.2015;20:30:00;09.11.2015;20:45:00;395,00;405;
09.11.2015;20:45:00;09.11.2015;21:00:00;392,00;407;
09.11.2015;21:00:00;09.11.2015;21:15:00;390,00;404;
09.11.2015;21:15:00;09.11.2015;21:30:00;389,00;400;
09.11.2015;21:30:00;09.11.2015;21:45:00;388,00;430;
09.11.2015;21:45:00;09.11.2015;22:00:00;388,00;425;
09.11.2015;22:00:00;09.11.2015;22:15:00;387,00;405;
09.11.2015;22:15:00;09.11.2015;22:30:00;387,00;404;
09.11.2015;22:30:00;09.11.2015;22:45:00;387,00;412;
09.11.2015;22:45:00;09.11.2015;23:00:00;387,00;418;
09.11.2015;23:00:00;09.11.2015;23:15:00;388,00;417;
09.11.2015;23:15:00;09.11.2015;23:30:00;389,00;415;
09.11.2015;23:30:00;09.11.2015;23:45:00;390,00;428;
09.11.2015;23:45:00;10.11.2015;00:00:00;392,00;421;
10.11.2015;00:00:00;10.11.2015;00:15:00;488,00;415;
10.11.2015;00:15:00;10.11.2015;00:30:00;487,00;411;
10.11.2015;00:30:00;10.11.2015;00:45:00;486,00;420;
10.11.2015;00:45:00;10.11.2015;01:00:00;485,00;417;
10.11.2015;01:00:00;10.11.2015;01:15:00;485,00;418;
10.11.2015;01:15:00;10.11.2015;01:30:00;485,00;409;
10.11.2015;01:30:00;10.11.2015;01:45:00;485,00;414;
10.11.2015;01:45:00;10.11.2015;02:00:00;485,00;427;
10.11.2015;02:00:00;10.11.2015;02:15:00;482,00;422;
10.11.2015;02:15:00;10.11.2015;02:30:00;475,00;400;
10.11.2015;02:30:00;10.11.2015;02:45:00;468,00;379;
10.11.2015;02:45:00;10.11.2015;03:00:00;461,00;371;
10.11.2015;03:00:00;10.11.2015;03:15:00;455,00;358;
10.11.2015;03:15:00;10.11.2015;03:30:00;449,00;375;
10.11.2015;03:30:00;10.11.2015;03:45:00;443,00;349;
10.11.2015;03:45:00;10.11.2015;04:00:00;436,00;329;
10.11.2015;04:00:00;10.11.2015;04:15:00;430,00;343;
10.11.2015;04:15:00;10.11.2015;04:30:00;422,00;343;
10.11.2015;04:30:00;10.11.2015;04:45:00;415,00;340;
10.11.2015;04:45:00;10.11.2015;05:00:00;407,00;341;
10.11.2015;05:00:00;10.11.2015;05:15:00;399,00;357;
10.11.2015;05:15:00;10.11.2015;05:30:00;389,00;368;
10.11.2015;05:30:00;10.11.2015;05:45:00;379,00;362;
10.11.2015;05:45:00;10.11.2015;06:00:00;369,00;355;
10.11.2015;06:00:00;10.11.2015;06:15:00;360,00;336;
10.11.2015;06:15:00;10.11.2015;06:30:00;354,00;334;
10.11.2015;06:30:00;10.11.2015;06:45:00;348,00;324;
10.11.2015;06:45:00;10.11.2015;07:00:00;342,00;319;
10.11.2015;07:00:00;10.11.2015;07:15:00;335,00;301;
10.11.2015;07:15:00;10.11.2015;07:30:00;327,00;284;
10.11.2015;07:30:00;10.11.2015;07:45:00;319,00;303;
10.11.2015;07:45:00;10.11.2015;08:00:00;311,00;322;
10.11.2015;08:00:00;10.11.2015;08:15:00;305,00;333;
10.11.2015;08:15:00;10.11.2015;08:30:00;302,00;330;
10.11.2015;08:30:00;10.11.2015;08:45:00;299,00;311;
10.11.2015;08:45:00;10.11.2015;09:00:00;296,00;309;
10.11.2015;09:00:00;10.11.2015;09:15:00;293,00;305;
10.11.2015;09:15:00;10.11.2015;09:30:00;289,00;277;
10.11.2015;09:30:00;10.11.2015;09:45:00;285,00;253;
10.11.2015;09:45:00;10.11.2015;10:00:00;282,00;234;
10.11.2015;10:00:00;10.11.2015;10:15:00;276,00;200;
10.11.2015;10:15:00;10.11.2015;10:30:00;267,00;199;
10.11.2015;10:30:00;10.11.2015;10:45:00;259,00;178;
10.11.2015;10:45:00;10.11.2015;11:00:00;250,00;184;
10.11.2015;11:00:00;10.11.2015;11:15:00;241,00;200;
10.11.2015;11:15:00;10.11.2015;11:30:00;232,00;195;
10.11.2015;11:30:00;10.11.2015;11:45:00;223,00;189;
10.11.2015;11:45:00;10.11.2015;12:00:00;214,00;184;
10.11.2015;12:00:00;10.11.2015;12:15:00;206,00;187;
10.11.2015;12:15:00;10.11.2015;12:30:00;200,00;196;
10.11.2015;12:30:00;10.11.2015;12:45:00;193,00;210;
10.11.2015;12:45:00;10.11.2015;13:00:00;187,00;201;
10.11.2015;13:00:00;10.11.2015;13:15:00;181,00;222;
10.11.2015;13:15:00;10.11.2015;13:30:00;176,00;233;
10.11.2015;13:30:00;10.11.2015;13:45:00;170,00;222;
10.11.2015;13:45:00;10.11.2015;14:00:00;165,00;236;
10.11.2015;14:00:00;10.11.2015;14:15:00;161,00;214;
10.11.2015;14:15:00;10.11.2015;14:30:00;158,00;184;
10.11.2015;14:30:00;10.11.2015;14:45:00;155,00;151;
10.11.2015;14:45:00;10.11.2015;15:00:00;153,00;131;
10.11.2015;15:00:00;10.11.2015;15:15:00;151,00;113;
10.11.2015;15:15:00;10.11.2015;15:30:00;149,00;99;
10.11.2015;15:30:00;10.11.2015;15:45:00;148,00;90;
10.11.2015;15:45:00;10.11.2015;16:00:00;146,00;70;
10.11.2015;16:00:00;10.11.2015;16:15:00;145,00;65;
10.11.2015;16:15:00;10.11.2015;16:30:00;144,00;66;
10.11.2015;16:30:00;10.11.2015;16:45:00;143,00;73;
10.11.2015;16:45:00;10.11.2015;17:00:00;142,00;76;
10.11.2015;17:00:00;10.11.2015;17:15:00;140,00;82;
10.11.2015;17:15:00;10.11.2015;17:30:00;137,00;89;
10.11.2015;17:30:00;10.11.2015;17:45:00;134,00;80;
10.11.2015;17:45:00;10.11.2015;18:00:00;130,00;80;
10.11.2015;18:00:00;10.11.2015;18:15:00;128,00;84;
10.11.2015;18:15:00;10.11.2015;18:30:00;127,00;86;
10.11.2015;18:30:00;10.11.2015;18:45:00;126,00;83;
10.11.2015;18:45:00;10.11.2015;19:00:00;124,00;101;
10.11.2015;19:00:00;10.11.2015;19:15:00;123,00;102;
10.11.2015;19:15:00;10.11.2015;19:30:00;122,00;104;
10.11.2015;19:30:00;10.11.2015;19:45:00;121,00;98;
10.11.2015;19:45:00;10.11.2015;20:00:00;120,00;92;
10.11.2015;20:00:00;10.11.2015;20:15:00;120,00;83;
10.11.2015;20:15:00;10.11.2015;20:30:00;119,00;82;
10.11.2015;20:30:00;10.11.2015;20:45:00;118,00;80;
10.11.2015;20:45:00;10.11.2015;21:00:00;118,00;89;
10.11.2015;21:00:00;10.11.2015;21:15:00;117,00;89;
10.11.2015;21:15:00;10.11.2015;21:30:00;117,00;81;
10.11.2015;21:30:00;10.11.2015;21:45:00;117,00;83;
10.11.2015;21:45:00;10.11.2015;22:00:00;117,00;94;
10.11.2015;22:00:00;10.11.2015;22:15:00;118,00;100;
10.11.2015;22:15:00;10.11.2015;22:30:00;121,00;102;
10.11.2015;22:30:00;10.11.2015;22:45:00;125,00;102;
10.11.2015;22:45:00;10.11.2015;23:00:00;128,00;109;
10.11.2015;23:00:00;10.11.2015;23:15:00;131,00;114;
10.11.2015;23:15:00;10.11.2015;23:30:00;135,00;107;
10.11.2015;23:30:00;10.11.2015;23:45:00;138,00;106;
10.11.2015;23:45:00;11.11.2015;00:00:00;141,00;116;
11.11.2015;00:00:00;11.11.2015;00:15:00;97,00;113;
11.11.2015;00:15:00;11.11.2015;00:30:00;97,00;115;
11.11.2015;00:30:00;11.11.2015;00:45:00;98,00;110;
11.11.2015;00:45:00;11.11.2015;01:00:00;98,00;118;
11.11.2015;01:00:00;11.11.2015;01:15:00;99,00;113;
11.11.2015;01:15:00;11.11.2015;01:30:00;101,00;101;
11.11.2015;01:30:00;11.11.2015;01:45:00;103,00;99;
11.11.2015;01:45:00;11.11.2015;02:00:00;104,00;100;
11.11.2015;02:00:00;11.11.2015;02:15:00;105,00;90;
11.11.2015;02:15:00;11.11.2015;02:30:00;104,00;112;
11.11.2015;02:30:00;11.11.2015;02:45:00;103,00;127;
11.11.2015;02:45:00;11.11.2015;03:00:00;103,00;143;
11.11.2015;03:00:00;11.11.2015;03:15:00;101,00;155;
11.11.2015;03:15:00;11.11.2015;03:30:00;98,00;142;
11.11.2015;03:30:00;11.11.2015;03:45:00;96,00;138;
11.11.2015;03:45:00;11.11.2015;04:00:00;93,00;115;
11.11.2015;04:00:00;11.11.2015;04:15:00;91,00;114;
11.11.2015;04:15:00;11.11.2015;04:30:00;90,00;116;
11.11.2015;04:30:00;11.11.2015;04:45:00;89,00;103;
11.11.2015;04:45:00;11.11.2015;05:00:00;88,00;84;
11.11.2015;05:00:00;11.11.2015;05:15:00;87,00;68;
11.11.2015;05:15:00;11.11.2015;05:30:00;86,00;64;
11.11.2015;05:30:00;11.11.2015;05:45:00;85,00;63;
11.11.2015;05:45:00;11.11.2015;06:00:00;85,00;56;
11.11.2015;06:00:00;11.11.2015;06:15:00;83,00;56;
11.11.2015;06:15:00;11.11.2015;06:30:00;82,00;66;
11.11.2015;06:30:00;11.11.2015;06:45:00;81,00;65;
11.11.2015;06:45:00;11.11.2015;07:00:00;79,00;63;
11.11.2015;07:00:00;11.11.2015;07:15:00;76,00;74;
11.11.2015;07:15:00;11.11.2015;07:30:00;72,00;82;
11.11.2015;07:30:00;11.11.2015;07:45:00;68,00;97;
11.11.2015;07:45:00;11.11.2015;08:00:00;64,00;111;
11.11.2015;08:00:00;11.11.2015;08:15:00;61,00;126;
11.11.2015;08:15:00;11.11.2015;08:30:00;58,00;134;
11.11.2015;08:30:00;11.11.2015;08:45:00;55,00;122;
11.11.2015;08:45:00;11.11.2015;09:00:00;53,00;101;
11.11.2015;09:00:00;11.11.2015;09:15:00;50,00;91;
11.11.2015;09:15:00;11.11.2015;09:30:00;48,00;87;
11.11.2015;09:30:00;11.11.2015;09:45:00;46,00;83;
11.11.2015;09:45:00;11.11.2015;10:00:00;44,00;74;
11.11.2015;10:00:00;11.11.2015;10:15:00;42,00;58;
11.11.2015;10:15:00;11.11.2015;10:30:00;40,00;63;
11.11.2015;10:30:00;11.11.2015;10:45:00;38,00;63;
11.11.2015;10:45:00;11.11.2015;11:00:00;36,00;47;
11.11.2015;11:00:00;11.11.2015;11:15:00;35,00;39;
11.11.2015;11:15:00;11.11.2015;11:30:00;34,00;32;
11.11.2015;11:30:00;11.11.2015;11:45:00;33,00;33;
11.11.2015;11:45:00;11.11.2015;12:00:00;33,00;45;
11.11.2015;12:00:00;11.11.2015;12:15:00;32,00;43;
11.11.2015;12:15:00;11.11.2015;12:30:00;31,00;40;
11.11.2015;12:30:00;11.11.2015;12:45:00;30,00;41;
11.11.2015;12:45:00;11.11.2015;13:00:00;29,00;37;
11.11.2015;13:00:00;11.11.2015;13:15:00;28,00;38;
11.11.2015;13:15:00;11.11.2015;13:30:00;27,00;38;
11.11.2015;13:30:00;11.11.2015;13:45:00;26,00;32;
11.11.2015;13:45:00;11.11.2015;14:00:00;24,00;29;
11.11.2015;14:00:00;11.11.2015;14:15:00;23,00;25;
11.11.2015;14:15:00;11.11.2015;14:30:00;22,00;22;
11.11.2015;14:30:00;11.11.2015;14:45:00;22,00;18;
11.11.2015;14:45:00;11.11.2015;15:00:00;21,00;20;
11.11.2015;15:00:00;11.11.2015;15:15:00;21,00;24;
11.11.2015;15:15:00;11.11.2015;15:30:00;21,00;29;
11.11.2015;15:30:00;11.11.2015;15:45:00;21,00;30;
11.11.2015;15:45:00;11.11.2015;16:00:00;21,00;36;
11.11.2015;16:00:00;11.11.2015;16:15:00;22,00;37;
11.11.2015;16:15:00;11.11.2015;16:30:00;23,00;38;
11.11.2015;16:30:00;11.11.2015;16:45:00;25,00;37;
11.11.2015;16:45:00;11.11.2015;17:00:00;26,00;37;
11.11.2015;17:00:00;11.11.2015;17:15:00;27,00;39;
11.11.2015;17:15:00;11.11.2015;17:30:00;28,00;48;
11.11.2015;17:30:00;11.11.2015;17:45:00;29,00;51;
11.11.2015;17:45:00;11.11.2015;18:00:00;30,00;53;
11.11.2015;18:00:00;11.11.2015;18:15:00;31,00;55;
11.11.2015;18:15:00;11.11.2015;18:30:00;33,00;65;
11.11.2015;18:30:00;11.11.2015;18:45:00;35,00;61;
11.11.2015;18:45:00;11.11.2015;19:00:00;37,00;65;
11.11.2015;19:00:00;11.11.2015;19:15:00;39,00;73;
11.11.2015;19:15:00;11.11.2015;19:30:00;41,00;76;
11.11.2015;19:30:00;11.11.2015;19:45:00;42,00;82;
11.11.2015;19:45:00;11.11.2015;20:00:00;44,00;83;
11.11.2015;20:00:00;11.11.2015;20:15:00;45,00;81;
11.11.2015;20:15:00;11.11.2015;20:30:00;46,00;81;
11.11.2015;20:30:00;11.11.2015;20:45:00;46,00;89;
11.11.2015;20:45:00;11.11.2015;21:00:00;47,00;88;
11.11.2015;21:00:00;11.11.2015;21:15:00;48,00;82;
11.11.2015;21:15:00;11.11.2015;21:30:00;50,00;73;
11.11.2015;21:30:00;11.11.2015;21:45:00;52,00;64;
11.11.2015;21:45:00;11.11.2015;22:00:00;54,00;60;
11.11.2015;22:00:00;11.11.2015;22:15:00;55,00;64;
11.11.2015;22:15:00;11.11.2015;22:30:00;55,00;69;
11.11.2015;22:30:00;11.11.2015;22:45:00;56,00;73;
11.11.2015;22:45:00;11.11.2015;23:00:00;57,00;75;
11.11.2015;23:00:00;11.11.2015;23:15:00;58,00;84;
11.11.2015;23:15:00;11.11.2015;23:30:00;60,00;91;
11.11.2015;23:30:00;11.11.2015;23:45:00;63,00;109;
11.11.2015;23:45:00;12.11.2015;00:00:00;65,00;110;
12.11.2015;00:00:00;12.11.2015;00:15:00;71,00;103;
12.11.2015;00:15:00;12.11.2015;00:30:00;71,00;106;
12.11.2015;00:30:00;12.11.2015;00:45:00;70,00;103;
12.11.2015;00:45:00;12.11.2015;01:00:00;70,00;99;
12.11.2015;01:00:00;12.11.2015;01:15:00;70,00;99;
12.11.2015;01:15:00;12.11.2015;01:30:00;69,00;105;
12.11.2015;01:30:00;12.11.2015;01:45:00;68,00;96;
12.11.2015;01:45:00;12.11.2015;02:00:00;67,00;89;
12.11.2015;02:00:00;12.11.2015;02:15:00;68,00;88;
12.11.2015;02:15:00;12.11.2015;02:30:00;69,00;84;
12.11.2015;02:30:00;12.11.2015;02:45:00;70,00;82;
12.11.2015;02:45:00;12.11.2015;03:00:00;71,00;82;
12.11.2015;03:00:00;12.11.2015;03:15:00;71,00;82;
12.11.2015;03:15:00;12.11.2015;03:30:00;72,00;80;
12.11.2015;03:30:00;12.11.2015;03:45:00;72,00;86;
12.11.2015;03:45:00;12.11.2015;04:00:00;73,00;96;
12.11.2015;04:00:00;12.11.2015;04:15:00;73,00;105;
12.11.2015;04:15:00;12.11.2015;04:30:00;73,00;95;
12.11.2015;04:30:00;12.11.2015;04:45:00;73,00;94;
12.11.2015;04:45:00;12.11.2015;05:00:00;72,00;101;
12.11.2015;05:00:00;12.11.2015;05:15:00;71,00;101;
12.11.2015;05:15:00;12.11.2015;05:30:00;70,00;101;
12.11.2015;05:30:00;12.11.2015;05:45:00;69,00;87;
12.11.2015;05:45:00;12.11.2015;06:00:00;68,00;73;
12.11.2015;06:00:00;12.11.2015;06:15:00;66,00;78;
12.11.2015;06:15:00;12.11.2015;06:30:00;64,00;75;
12.11.2015;06:30:00;12.11.2015;06:45:00;62,00;55;
12.11.2015;06:45:00;12.11.2015;07:00:00;60,00;49;
12.11.2015;07:00:00;12.11.2015;07:15:00;57,00;45;
12.11.2015;07:15:00;12.11.2015;07:30:00;55,00;47;
12.11.2015;07:30:00;12.11.2015;07:45:00;52,00;50;
12.11.2015;07:45:00;12.11.2015;08:00:00;49,00;51;
12.11.2015;08:00:00;12.11.2015;08:15:00;47,00;54;
12.11.2015;08:15:00;12.11.2015;08:30:00;47,00;59;
12.11.2015;08:30:00;12.11.2015;08:45:00;47,00;62;
12.11.2015;08:45:00;12.11.2015;09:00:00;47,00;66;
12.11.2015;09:00:00;12.11.2015;09:15:00;46,00;68;
12.11.2015;09:15:00;12.11.2015;09:30:00;44,00;60;
12.11.2015;09:30:00;12.11.2015;09:45:00;42,00;57;
12.11.2015;09:45:00;12.11.2015;10:00:00;41,00;58;
12.11.2015;10:00:00;12.11.2015;10:15:00;39,00;54;
12.11.2015;10:15:00;12.11.2015;10:30:00;36,00;50;
12.11.2015;10:30:00;12.11.2015;10:45:00;33,00;41;
12.11.2015;10:45:00;12.11.2015;11:00:00;30,00;49;
12.11.2015;11:00:00;12.11.2015;11:15:00;28,00;28;
12.11.2015;11:15:00;12.11.2015;11:30:00;25,00;21;
12.11.2015;11:30:00;12.11.2015;11:45:00;23,00;17;
12.11.2015;11:45:00;12.11.2015;12:00:00;21,00;13;
12.11.2015;12:00:00;12.11.2015;12:15:00;19,00;9;
12.11.2015;12:15:00;12.11.2015;12:30:00;17,00;7;
12.11.2015;12:30:00;12.11.2015;12:45:00;15,00;6;
12.11.2015;12:45:00;12.11.2015;13:00:00;13,00;5;
12.11.2015;13:00:00;12.11.2015;13:15:00;11,00;3;
12.11.2015;13:15:00;12.11.2015;13:30:00;11,00;3;
12.11.2015;13:30:00;12.11.2015;13:45:00;11,00;2;
12.11.2015;13:45:00;12.11.2015;14:00:00;10,00;2;
12.11.2015;14:00:00;12.11.2015;14:15:00;10,00;3;
12.11.2015;14:15:00;12.11.2015;14:30:00;9,00;5;
12.11.2015;14:30:00;12.11.2015;14:45:00;9,00;5;
12.11.2015;14:45:00;12.11.2015;15:00:00;9,00;5;
12.11.2015;15:00:00;12.11.2015;15:15:00;9,00;4;
12.11.2015;15:15:00;12.11.2015;15:30:00;10,00;5;
12.11.2015;15:30:00;12.11.2015;15:45:00;11,00;6;
12.11.2015;15:45:00;12.11.2015;16:00:00;11,00;7;
12.11.2015;16:00:00;12.11.2015;16:15:00;14,00;10;
12.11.2015;16:15:00;12.11.2015;16:30:00;17,00;13;
12.11.2015;16:30:00;12.11.2015;16:45:00;21,00;18;
12.11.2015;16:45:00;12.11.2015;17:00:00;25,00;26;
12.11.2015;17:00:00;12.11.2015;17:15:00;30,00;35;
12.11.2015;17:15:00;12.11.2015;17:30:00;38,00;39;
12.11.2015;17:30:00;12.11.2015;17:45:00;46,00;45;
12.11.2015;17:45:00;12.11.2015;18:00:00;54,00;55;
12.11.2015;18:00:00;12.11.2015;18:15:00;64,00;69;
12.11.2015;18:15:00;12.11.2015;18:30:00;77,00;72;
12.11.2015;18:30:00;12.11.2015;18:45:00;90,00;73;
12.11.2015;18:45:00;12.11.2015;19:00:00;103,00;71;
12.11.2015;19:00:00;12.11.2015;19:15:00;114,00;76;
12.11.2015;19:15:00;12.11.2015;19:30:00;124,00;86;
12.11.2015;19:30:00;12.11.2015;19:45:00;134,00;99;
12.11.2015;19:45:00;12.11.2015;20:00:00;143,00;108;
12.11.2015;20:00:00;12.11.2015;20:15:00;153,00;120;
12.11.2015;20:15:00;12.11.2015;20:30:00;162,00;131;
12.11.2015;20:30:00;12.11.2015;20:45:00;171,00;149;
12.11.2015;20:45:00;12.11.2015;21:00:00;180,00;156;
12.11.2015;21:00:00;12.11.2015;21:15:00;187,00;165;
12.11.2015;21:15:00;12.11.2015;21:30:00;192,00;172;
12.11.2015;21:30:00;12.11.2015;21:45:00;198,00;180;
12.11.2015;21:45:00;12.11.2015;22:00:00;203,00;187;
12.11.2015;22:00:00;12.11.2015;22:15:00;205,00;185;
12.11.2015;22:15:00;12.11.2015;22:30:00;204,00;191;
12.11.2015;22:30:00;12.11.2015;22:45:00;204,00;187;
12.11.2015;22:45:00;12.11.2015;23:00:00;203,00;176;
12.11.2015;23:00:00;12.11.2015;23:15:00;197,00;175;
12.11.2015;23:15:00;12.11.2015;23:30:00;186,00;187;
12.11.2015;23:30:00;12.11.2015;23:45:00;175,00;196;
12.11.2015;23:45:00;13.11.2015;00:00:00;165,00;199;
13.11.2015;00:00:00;13.11.2015;00:15:00;176,00;197;
13.11.2015;00:15:00;13.11.2015;00:30:00;169,00;194;
13.11.2015;00:30:00;13.11.2015;00:45:00;162,00;188;
13.11.2015;00:45:00;13.11.2015;01:00:00;155,00;177;
13.11.2015;01:00:00;13.11.2015;01:15:00;149,00;177;
13.11.2015;01:15:00;13.11.2015;01:30:00;143,00;178;
13.11.2015;01:30:00;13.11.2015;01:45:00;138,00;174;
13.11.2015;01:45:00;13.11.2015;02:00:00;132,00;176;
13.11.2015;02:00:00;13.11.2015;02:15:00;128,00;182;
13.11.2015;02:15:00;13.11.2015;02:30:00;126,00;180;
13.11.2015;02:30:00;13.11.2015;02:45:00;124,00;163;
13.11.2015;02:45:00;13.11.2015;03:00:00;122,00;139;
13.11.2015;03:00:00;13.11.2015;03:15:00;121,00;134;
13.11.2015;03:15:00;13.11.2015;03:30:00;122,00;133;
13.11.2015;03:30:00;13.11.2015;03:45:00;123,00;138;
13.11.2015;03:45:00;13.11.2015;04:00:00;124,00;143;
13.11.2015;04:00:00;13.11.2015;04:15:00;126,00;164;
13.11.2015;04:15:00;13.11.2015;04:30:00;128,00;178;
13.11.2015;04:30:00;13.11.2015;04:45:00;130,00;192;
13.11.2015;04:45:00;13.11.2015;05:00:00;132,00;194;
13.11.2015;05:00:00;13.11.2015;05:15:00;135,00;186;
13.11.2015;05:15:00;13.11.2015;05:30:00;139,00;187;
13.11.2015;05:30:00;13.11.2015;05:45:00;143,00;185;
13.11.2015;05:45:00;13.11.2015;06:00:00;147,00;198;
13.11.2015;06:00:00;13.11.2015;06:15:00;151,00;205;
13.11.2015;06:15:00;13.11.2015;06:30:00;156,00;209;
13.11.2015;06:30:00;13.11.2015;06:45:00;161,00;213;
13.11.2015;06:45:00;13.11.2015;07:00:00;166,00;207;
13.11.2015;07:00:00;13.11.2015;07:15:00;171,00;220;
13.11.2015;07:15:00;13.11.2015;07:30:00;177,00;241;
13.11.2015;07:30:00;13.11.2015;07:45:00;182,00;230;
13.11.2015;07:45:00;13.11.2015;08:00:00;187,00;207;
13.11.2015;08:00:00;13.11.2015;08:15:00;191,00;213;
13.11.2015;08:15:00;13.11.2015;08:30:00;193,00;224;
13.11.2015;08:30:00;13.11.2015;08:45:00;196,00;210;
13.11.2015;08:45:00;13.11.2015;09:00:00;198,00;211;
13.11.2015;09:00:00;13.11.2015;09:15:00;201,00;202;
13.11.2015;09:15:00;13.11.2015;09:30:00;205,00;199;
13.11.2015;09:30:00;13.11.2015;09:45:00;209,00;198;
13.11.2015;09:45:00;13.11.2015;10:00:00;213,00;196;
13.11.2015;10:00:00;13.11.2015;10:15:00;214,00;195;
13.11.2015;10:15:00;13.11.2015;10:30:00;212,00;194;
13.11.2015;10:30:00;13.11.2015;10:45:00;210,00;187;
13.11.2015;10:45:00;13.11.2015;11:00:00;208,00;174;
13.11.2015;11:00:00;13.11.2015;11:15:00;205,00;159;
13.11.2015;11:15:00;13.11.2015;11:30:00;203,00;152;
13.11.2015;11:30:00;13.11.2015;11:45:00;200,00;145;
13.11.2015;11:45:00;13.11.2015;12:00:00;197,00;158;
13.11.2015;12:00:00;13.11.2015;12:15:00;194,00;161;
13.11.2015;12:15:00;13.11.2015;12:30:00;191,00;146;
13.11.2015;12:30:00;13.11.2015;12:45:00;187,00;152;
13.11.2015;12:45:00;13.11.2015;13:00:00;184,00;152;
13.11.2015;13:00:00;13.11.2015;13:15:00;182,00;153;
13.11.2015;13:15:00;13.11.2015;13:30:00;181,00;156;
13.11.2015;13:30:00;13.11.2015;13:45:00;179,00;163;
13.11.2015;13:45:00;13.11.2015;14:00:00;178,00;184;
13.11.2015;14:00:00;13.11.2015;14:15:00;178,00;183;
13.11.2015;14:15:00;13.11.2015;14:30:00;180,00;191;
13.11.2015;14:30:00;13.11.2015;14:45:00;181,00;212;
13.11.2015;14:45:00;13.11.2015;15:00:00;183,00;217;
13.11.2015;15:00:00;13.11.2015;15:15:00;190,00;204;
13.11.2015;15:15:00;13.11.2015;15:30:00;201,00;215;
13.11.2015;15:30:00;13.11.2015;15:45:00;212,00;231;
13.11.2015;15:45:00;13.11.2015;16:00:00;224,00;272;
13.11.2015;16:00:00;13.11.2015;16:15:00;235,00;286;
13.11.2015;16:15:00;13.11.2015;16:30:00;246,00;270;
13.11.2015;16:30:00;13.11.2015;16:45:00;257,00;269;
13.11.2015;16:45:00;13.11.2015;17:00:00;267,00;267;
13.11.2015;17:00:00;13.11.2015;17:15:00;283,00;264;
13.11.2015;17:15:00;13.11.2015;17:30:00;303,00;287;
13.11.2015;17:30:00;13.11.2015;17:45:00;322,00;315;
13.11.2015;17:45:00;13.11.2015;18:00:00;342,00;326;
13.11.2015;18:00:00;13.11.2015;18:15:00;358,00;350;
13.11.2015;18:15:00;13.11.2015;18:30:00;370,00;338;
13.11.2015;18:30:00;13.11.2015;18:45:00;383,00;302;
13.11.2015;18:45:00;13.11.2015;19:00:00;395,00;329;
13.11.2015;19:00:00;13.11.2015;19:15:00;411,00;341;
13.11.2015;19:15:00;13.11.2015;19:30:00;432,00;335;
13.11.2015;19:30:00;13.11.2015;19:45:00;453,00;335;
13.11.2015;19:45:00;13.11.2015;20:00:00;474,00;353;
13.11.2015;20:00:00;13.11.2015;20:15:00;493,00;365;
13.11.2015;20:15:00;13.11.2015;20:30:00;510,00;366;
13.11.2015;20:30:00;13.11.2015;20:45:00;527,00;367;
13.11.2015;20:45:00;13.11.2015;21:00:00;544,00;406;
13.11.2015;21:00:00;13.11.2015;21:15:00;559,00;432;
13.11.2015;21:15:00;13.11.2015;21:30:00;571,00;438;
13.11.2015;21:30:00;13.11.2015;21:45:00;584,00;451;
13.11.2015;21:45:00;13.11.2015;22:00:00;597,00;472;
13.11.2015;22:00:00;13.11.2015;22:15:00;601,00;454;
13.11.2015;22:15:00;13.11.2015;22:30:00;598,00;467;
13.11.2015;22:30:00;13.11.2015;22:45:00;595,00;489;
13.11.2015;22:45:00;13.11.2015;23:00:00;591,00;499;
13.11.2015;23:00:00;13.11.2015;23:15:00;586,00;506;
13.11.2015;23:15:00;13.11.2015;23:30:00;577,00;522;
13.11.2015;23:30:00;13.11.2015;23:45:00;569,00;541;
13.11.2015;23:45:00;14.11.2015;00:00:00;561,00;550;
14.11.2015;00:00:00;14.11.2015;00:15:00;551,00;560;
14.11.2015;00:15:00;14.11.2015;00:30:00;554,00;568;
14.11.2015;00:30:00;14.11.2015;00:45:00;556,00;510;
14.11.2015;00:45:00;14.11.2015;01:00:00;559,00;490;
14.11.2015;01:00:00;14.11.2015;01:15:00;559,00;472;
14.11.2015;01:15:00;14.11.2015;01:30:00;556,00;450;
14.11.2015;01:30:00;14.11.2015;01:45:00;553,00;458;
14.11.2015;01:45:00;14.11.2015;02:00:00;551,00;466;
14.11.2015;02:00:00;14.11.2015;02:15:00;543,00;447;
14.11.2015;02:15:00;14.11.2015;02:30:00;529,00;429;
14.11.2015;02:30:00;14.11.2015;02:45:00;515,00;407;
14.11.2015;02:45:00;14.11.2015;03:00:00;502,00;396;
14.11.2015;03:00:00;14.11.2015;03:15:00;490,00;366;
14.11.2015;03:15:00;14.11.2015;03:30:00;481,00;357;
14.11.2015;03:30:00;14.11.2015;03:45:00;471,00;354;
14.11.2015;03:45:00;14.11.2015;04:00:00;462,00;333;
14.11.2015;04:00:00;14.11.2015;04:15:00;453,00;310;
14.11.2015;04:15:00;14.11.2015;04:30:00;444,00;301;
14.11.2015;04:30:00;14.11.2015;04:45:00;435,00;293;
14.11.2015;04:45:00;14.11.2015;05:00:00;427,00;289;
14.11.2015;05:00:00;14.11.2015;05:15:00;419,00;282;
14.11.2015;05:15:00;14.11.2015;05:30:00;412,00;283;
14.11.2015;05:30:00;14.11.2015;05:45:00;405,00;273;
14.11.2015;05:45:00;14.11.2015;06:00:00;397,00;264;
14.11.2015;06:00:00;14.11.2015;06:15:00;392,00;264;
14.11.2015;06:15:00;14.11.2015;06:30:00;389,00;274;
14.11.2015;06:30:00;14.11.2015;06:45:00;386,00;263;
14.11.2015;06:45:00;14.11.2015;07:00:00;382,00;260;
14.11.2015;07:00:00;14.11.2015;07:15:00;381,00;245;
14.11.2015;07:15:00;14.11.2015;07:30:00;380,00;258;
14.11.2015;07:30:00;14.11.2015;07:45:00;380,00;275;
14.11.2015;07:45:00;14.11.2015;08:00:00;380,00;281;
14.11.2015;08:00:00;14.11.2015;08:15:00;382,00;295;
14.11.2015;08:15:00;14.11.2015;08:30:00;386,00;328;
14.11.2015;08:30:00;14.11.2015;08:45:00;390,00;348;
14.11.2015;08:45:00;14.11.2015;09:00:00;395,00;371;
14.11.2015;09:00:00;14.11.2015;09:15:00;399,00;380;
14.11.2015;09:15:00;14.11.2015;09:30:00;402,00;396;
14.11.2015;09:30:00;14.11.2015;09:45:00;406,00;427;
14.11.2015;09:45:00;14.11.2015;10:00:00;410,00;431;
14.11.2015;10:00:00;14.11.2015;10:15:00;415,00;423;
14.11.2015;10:15:00;14.11.2015;10:30:00;419,00;429;
14.11.2015;10:30:00;14.11.2015;10:45:00;424,00;424;
14.11.2015;10:45:00;14.11.2015;11:00:00;429,00;417;
14.11.2015;11:00:00;14.11.2015;11:15:00;433,00;425;
14.11.2015;11:15:00;14.11.2015;11:30:00;438,00;422;
14.11.2015;11:30:00;14.11.2015;11:45:00;442,00;417;
14.11.2015;11:45:00;14.11.2015;12:00:00;447,00;442;
14.11.2015;12:00:00;14.11.2015;12:15:00;446,00;416;
14.11.2015;12:15:00;14.11.2015;12:30:00;441,00;387;
14.11.2015;12:30:00;14.11.2015;12:45:00;435,00;381;
14.11.2015;12:45:00;14.11.2015;13:00:00;429,00;362;
14.11.2015;13:00:00;14.11.2015;13:15:00;418,00;359;
14.11.2015;13:15:00;14.11.2015;13:30:00;401,00;353;
14.11.2015;13:30:00;14.11.2015;13:45:00;383,00;340;
14.11.2015;13:45:00;14.11.2015;14:00:00;366,00;307;
14.11.2015;14:00:00;14.11.2015;14:15:00;344,00;271;
14.11.2015;14:15:00;14.11.2015;14:30:00;318,00;276;
14.11.2015;14:30:00;14.11.2015;14:45:00;292,00;267;
14.11.2015;14:45:00;14.11.2015;15:00:00;266,00;253;
14.11.2015;15:00:00;14.11.2015;15:15:00;244,00;253;
14.11.2015;15:15:00;14.11.2015;15:30:00;227,00;219;
14.11.2015;15:30:00;14.11.2015;15:45:00;210,00;237;
14.11.2015;15:45:00;14.11.2015;16:00:00;193,00;220;
14.11.2015;16:00:00;14.11.2015;16:15:00;181,00;194;
14.11.2015;16:15:00;14.11.2015;16:30:00;173,00;186;
14.11.2015;16:30:00;14.11.2015;16:45:00;166,00;180;
14.11.2015;16:45:00;14.11.2015;17:00:00;158,00;180;
14.11.2015;17:00:00;14.11.2015;17:15:00;152,00;184;
14.11.2015;17:15:00;14.11.2015;17:30:00;149,00;180;
14.11.2015;17:30:00;14.11.2015;17:45:00;146,00;197;
14.11.2015;17:45:00;14.11.2015;18:00:00;142,00;196;
14.11.2015;18:00:00;14.11.2015;18:15:00;143,00;199;
14.11.2015;18:15:00;14.11.2015;18:30:00;148,00;209;
14.11.2015;18:30:00;14.11.2015;18:45:00;153,00;207;
14.11.2015;18:45:00;14.11.2015;19:00:00;158,00;194;
14.11.2015;19:00:00;14.11.2015;19:15:00;164,00;212;
14.11.2015;19:15:00;14.11.2015;19:30:00;170,00;229;
14.11.2015;19:30:00;14.11.2015;19:45:00;176,00;239;
14.11.2015;19:45:00;14.11.2015;20:00:00;182,00;235;
14.11.2015;20:00:00;14.11.2015;20:15:00;190,00;228;
14.11.2015;20:15:00;14.11.2015;20:30:00;200,00;219;
14.11.2015;20:30:00;14.11.2015;20:45:00;210,00;230;
14.11.2015;20:45:00;14.11.2015;21:00:00;220,00;237;
14.11.2015;21:00:00;14.11.2015;21:15:00;231,00;264;
14.11.2015;21:15:00;14.11.2015;21:30:00;243,00;280;
14.11.2015;21:30:00;14.11.2015;21:45:00;255,00;277;
14.11.2015;21:45:00;14.11.2015;22:00:00;266,00;276;
14.11.2015;22:00:00;14.11.2015;22:15:00;277,00;297;
14.11.2015;22:15:00;14.11.2015;22:30:00;287,00;306;
14.11.2015;22:30:00;14.11.2015;22:45:00;297,00;353;
14.11.2015;22:45:00;14.11.2015;23:00:00;307,00;369;
14.11.2015;23:00:00;14.11.2015;23:15:00;318,00;366;
14.11.2015;23:15:00;14.11.2015;23:30:00;332,00;365;
14.11.2015;23:30:00;14.11.2015;23:45:00;345,00;355;
14.11.2015;23:45:00;15.11.2015;00:00:00;358,00;363;
15.11.2015;00:00:00;15.11.2015;00:15:00;406,00;376;
15.11.2015;00:15:00;15.11.2015;00:30:00;416,00;405;
15.11.2015;00:30:00;15.11.2015;00:45:00;426,00;413;
15.11.2015;00:45:00;15.11.2015;01:00:00;436,00;423;
15.11.2015;01:00:00;15.11.2015;01:15:00;446,00;427;
15.11.2015;01:15:00;15.11.2015;01:30:00;457,00;453;
15.11.2015;01:30:00;15.11.2015;01:45:00;468,00;451;
15.11.2015;01:45:00;15.11.2015;02:00:00;478,00;444;
15.11.2015;02:00:00;15.11.2015;02:15:00;489,00;457;
15.11.2015;02:15:00;15.11.2015;02:30:00;499,00;491;
15.11.2015;02:30:00;15.11.2015;02:45:00;510,00;527;
15.11.2015;02:45:00;15.11.2015;03:00:00;520,00;538;
15.11.2015;03:00:00;15.11.2015;03:15:00;529,00;533;
15.11.2015;03:15:00;15.11.2015;03:30:00;537,00;530;
15.11.2015;03:30:00;15.11.2015;03:45:00;544,00;539;
15.11.2015;03:45:00;15.11.2015;04:00:00;552,00;532;
15.11.2015;04:00:00;15.11.2015;04:15:00;561,00;491;
15.11.2015;04:15:00;15.11.2015;04:30:00;572,00;512;
15.11.2015;04:30:00;15.11.2015;04:45:00;583,00;544;
15.11.2015;04:45:00;15.11.2015;05:00:00;594,00;554;
15.11.2015;05:00:00;15.11.2015;05:15:00;606,00;552;
15.11.2015;05:15:00;15.11.2015;05:30:00;620,00;540;
15.11.2015;05:30:00;15.11.2015;05:45:00;634,00;533;
15.11.2015;05:45:00;15.11.2015;06:00:00;648,00;560;
15.11.2015;06:00:00;15.11.2015;06:15:00;657,00;531;
15.11.2015;06:15:00;15.11.2015;06:30:00;662,00;516;
15.11.2015;06:30:00;15.11.2015;06:45:00;667,00;499;
15.11.2015;06:45:00;15.11.2015;07:00:00;672,00;502;
15.11.2015;07:00:00;15.11.2015;07:15:00;676,00;494;
15.11.2015;07:15:00;15.11.2015;07:30:00;678,00;493;
15.11.2015;07:30:00;15.11.2015;07:45:00;680,00;511;
15.11.2015;07:45:00;15.11.2015;08:00:00;682,00;503;
15.11.2015;08:00:00;15.11.2015;08:15:00;683,00;503;
15.11.2015;08:15:00;15.11.2015;08:30:00;682,00;504;
15.11.2015;08:30:00;15.11.2015;08:45:00;682,00;501;
15.11.2015;08:45:00;15.11.2015;09:00:00;681,00;491;
15.11.2015;09:00:00;15.11.2015;09:15:00;680,00;496;
15.11.2015;09:15:00;15.11.2015;09:30:00;679,00;497;
15.11.2015;09:30:00;15.11.2015;09:45:00;677,00;501;
15.11.2015;09:45:00;15.11.2015;10:00:00;676,00;501;
15.11.2015;10:00:00;15.11.2015;10:15:00;675,00;506;
15.11.2015;10:15:00;15.11.2015;10:30:00;674,00;517;
15.11.2015;10:30:00;15.11.2015;10:45:00;674,00;511;
15.11.2015;10:45:00;15.11.2015;11:00:00;673,00;506;
15.11.2015;11:00:00;15.11.2015;11:15:00;672,00;523;
15.11.2015;11:15:00;15.11.2015;11:30:00;671,00;522;
15.11.2015;11:30:00;15.11.2015;11:45:00;670,00;524;
15.11.2015;11:45:00;15.11.2015;12:00:00;669,00;532;
15.11.2015;12:00:00;15.11.2015;12:15:00;669,00;542;
15.11.2015;12:15:00;15.11.2015;12:30:00;669,00;533;
15.11.2015;12:30:00;15.11.2015;12:45:00;668,00;542;
15.11.2015;12:45:00;15.11.2015;13:00:00;668,00;539;
15.11.2015;13:00:00;15.11.2015;13:15:00;667,00;527;
15.11.2015;13:15:00;15.11.2015;13:30:00;665,00;519;
15.11.2015;13:30:00;15.11.2015;13:45:00;662,00;513;
15.11.2015;13:45:00;15.11.2015;14:00:00;660,00;503;
15.11.2015;14:00:00;15.11.2015;14:15:00;660,00;501;
15.11.2015;14:15:00;15.11.2015;14:30:00;660,00;519;
15.11.2015;14:30:00;15.11.2015;14:45:00;661,00;538;
15.11.2015;14:45:00;15.11.2015;15:00:00;662,00;529;
15.11.2015;15:00:00;15.11.2015;15:15:00;662,00;533;
15.11.2015;15:15:00;15.11.2015;15:30:00;660,00;538;
15.11.2015;15:30:00;15.11.2015;15:45:00;658,00;533;
15.11.2015;15:45:00;15.11.2015;16:00:00;657,00;539;
15.11.2015;16:00:00;15.11.2015;16:15:00;655,00;528;
15.11.2015;16:15:00;15.11.2015;16:30:00;652,00;533;
15.11.2015;16:30:00;15.11.2015;16:45:00;650,00;519;
15.11.2015;16:45:00;15.11.2015;17:00:00;648,00;519;
15.11.2015;17:00:00;15.11.2015;17:15:00;647,00;527;
15.11.2015;17:15:00;15.11.2015;17:30:00;647,00;520;
15.11.2015;17:30:00;15.11.2015;17:45:00;647,00;515;
15.11.2015;17:45:00;15.11.2015;18:00:00;648,00;511;
15.11.2015;18:00:00;15.11.2015;18:15:00;645,00;491;
15.11.2015;18:15:00;15.11.2015;18:30:00;640,00;498;
15.11.2015;18:30:00;15.11.2015;18:45:00;636,00;502;
15.11.2015;18:45:00;15.11.2015;19:00:00;631,00;497;
15.11.2015;19:00:00;15.11.2015;19:15:00;626,00;483;
15.11.2015;19:15:00;15.11.2015;19:30:00;621,00;470;
15.11.2015;19:30:00;15.11.2015;19:45:00;616,00;463;
15.11.2015;19:45:00;15.11.2015;20:00:00;611,00;441;
15.11.2015;20:00:00;15.11.2015;20:15:00;604,00;428;
15.11.2015;20:15:00;15.11.2015;20:30:00;596,00;404;
15.11.2015;20:30:00;15.11.2015;20:45:00;587,00;400;
15.11.2015;20:45:00;15.11.2015;21:00:00;579,00;413;
15.11.2015;21:00:00;15.11.2015;21:15:00;568,00;408;
15.11.2015;21:15:00;15.11.2015;21:30:00;555,00;411;
15.11.2015;21:30:00;15.11.2015;21:45:00;542,00;405;
15.11.2015;21:45:00;15.11.2015;22:00:00;529,00;410;
15.11.2015;22:00:00;15.11.2015;22:15:00;514,00;409;
15.11.2015;22:15:00;15.11.2015;22:30:00;497,00;400;
15.11.2015;22:30:00;15.11.2015;22:45:00;481,00;393;
15.11.2015;22:45:00;15.11.2015;23:00:00;464,00;391;
15.11.2015;23:00:00;15.11.2015;23:15:00;448,00;396;
15.11.2015;23:15:00;15.11.2015;23:30:00;433,00;400;
15.11.2015;23:30:00;15.11.2015;23:45:00;418,00;380;
15.11.2015;23:45:00;16.11.2015;00:00:00;402,00;354;
16.11.2015;00:00:00;16.11.2015;00:15:00;404,00;342;
16.11.2015;00:15:00;16.11.2015;00:30:00;398,00;336;
16.11.2015;00:30:00;16.11.2015;00:45:00;392,00;330;
16.11.2015;00:45:00;16.11.2015;01:00:00;387,00;332;
16.11.2015;01:00:00;16.11.2015;01:15:00;380,00;314;
16.11.2015;01:15:00;16.11.2015;01:30:00;371,00;310;
16.11.2015;01:30:00;16.11.2015;01:45:00;363,00;308;
16.11.2015;01:45:00;16.11.2015;02:00:00;354,00;300;
16.11.2015;02:00:00;16.11.2015;02:15:00;344,00;282;
16.11.2015;02:15:00;16.11.2015;02:30:00;332,00;252;
16.11.2015;02:30:00;16.11.2015;02:45:00;320,00;247;
16.11.2015;02:45:00;16.11.2015;03:00:00;308,00;248;
16.11.2015;03:00:00;16.11.2015;03:15:00;299,00;260;
16.11.2015;03:15:00;16.11.2015;03:30:00;294,00;263;
16.11.2015;03:30:00;16.11.2015;03:45:00;289,00;272;
16.11.2015;03:45:00;16.11.2015;04:00:00;284,00;283;
16.11.2015;04:00:00;16.11.2015;04:15:00;281,00;289;
16.11.2015;04:15:00;16.11.2015;04:30:00;278,00;274;
16.11.2015;04:30:00;16.11.2015;04:45:00;276,00;256;
16.11.2015;04:45:00;16.11.2015;05:00:00;274,00;265;
16.11.2015;05:00:00;16.11.2015;05:15:00;275,00;278;
16.11.2015;05:15:00;16.11.2015;05:30:00;281,00;283;
16.11.2015;05:30:00;16.11.2015;05:45:00;286,00;293;
16.11.2015;05:45:00;16.11.2015;06:00:00;292,00;308;
16.11.2015;06:00:00;16.11.2015;06:15:00;301,00;326;
16.11.2015;06:15:00;16.11.2015;06:30:00;314,00;343;
16.11.2015;06:30:00;16.11.2015;06:45:00;326,00;349;
16.11.2015;06:45:00;16.11.2015;07:00:00;339,00;352;
16.11.2015;07:00:00;16.11.2015;07:15:00;349,00;364;
16.11.2015;07:15:00;16.11.2015;07:30:00;356,00;376;
16.11.2015;07:30:00;16.11.2015;07:45:00;362,00;380;
16.11.2015;07:45:00;16.11.2015;08:00:00;369,00;357;
16.11.2015;08:00:00;16.11.2015;08:15:00;376,00;349;
16.11.2015;08:15:00;16.11.2015;08:30:00;383,00;344;
16.11.2015;08:30:00;16.11.2015;08:45:00;390,00;352;
16.11.2015;08:45:00;16.11.2015;09:00:00;397,00;339;
16.11.2015;09:00:00;16.11.2015;09:15:00;400,00;330;
16.11.2015;09:15:00;16.11.2015;09:30:00;401,00;332;
16.11.2015;09:30:00;16.11.2015;09:45:00;402,00;337;
16.11.2015;09:45:00;16.11.2015;10:00:00;402,00;348;
16.11.2015;10:00:00;16.11.2015;10:15:00;398,00;337;
16.11.2015;10:15:00;16.11.2015;10:30:00;389,00;315;
16.11.2015;10:30:00;16.11.2015;10:45:00;379,00;281;
16.11.2015;10:45:00;16.11.2015;11:00:00;370,00;281;
16.11.2015;11:00:00;16.11.2015;11:15:00;360,00;295;
16.11.2015;11:15:00;16.11.2015;11:30:00;349,00;301;
16.11.2015;11:30:00;16.11.2015;11:45:00;339,00;313;
16.11.2015;11:45:00;16.11.2015;12:00:00;328,00;342;
16.11.2015;12:00:00;16.11.2015;12:15:00;315,00;345;
16.11.2015;12:15:00;16.11.2015;12:30:00;300,00;324;
16.11.2015;12:30:00;16.11.2015;12:45:00;284,00;321;
16.11.2015;12:45:00;16.11.2015;13:00:00;268,00;324;
16.11.2015;13:00:00;16.11.2015;13:15:00;256,00;305;
16.11.2015;13:15:00;16.11.2015;13:30:00;246,00;285;
16.11.2015;13:30:00;16.11.2015;13:45:00;236,00;273;
16.11.2015;13:45:00;16.11.2015;14:00:00;225,00;270;
16.11.2015;14:00:00;16.11.2015;14:15:00;218,00;272;
16.11.2015;14:15:00;16.11.2015;14:30:00;214,00;253;
16.11.2015;14:30:00;16.11.2015;14:45:00;209,00;237;
16.11.2015;14:45:00;16.11.2015;15:00:00;204,00;215;
16.11.2015;15:00:00;16.11.2015;15:15:00;200,00;208;
16.11.2015;15:15:00;16.11.2015;15:30:00;198,00;198;
16.11.2015;15:30:00;16.11.2015;15:45:00;195,00;178;
16.11.2015;15:45:00;16.11.2015;16:00:00;192,00;168;
16.11.2015;16:00:00;16.11.2015;16:15:00;189,00;160;
16.11.2015;16:15:00;16.11.2015;16:30:00;187,00;172;
16.11.2015;16:30:00;16.11.2015;16:45:00;185,00;169;
16.11.2015;16:45:00;16.11.2015;17:00:00;183,00;186;
16.11.2015;17:00:00;16.11.2015;17:15:00;180,00;179;
16.11.2015;17:15:00;16.11.2015;17:30:00;178,00;177;
16.11.2015;17:30:00;16.11.2015;17:45:00;175,00;183;
16.11.2015;17:45:00;16.11.2015;18:00:00;173,00;186;
16.11.2015;18:00:00;16.11.2015;18:15:00;172,00;183;
16.11.2015;18:15:00;16.11.2015;18:30:00;172,00;186;
16.11.2015;18:30:00;16.11.2015;18:45:00;173,00;184;
16.11.2015;18:45:00;16.11.2015;19:00:00;173,00;196;
16.11.2015;19:00:00;16.11.2015;19:15:00;174,00;196;
16.11.2015;19:15:00;16.11.2015;19:30:00;175,00;215;
16.11.2015;19:30:00;16.11.2015;19:45:00;176,00;247;
16.11.2015;19:45:00;16.11.2015;20:00:00;177,00;243;
16.11.2015;20:00:00;16.11.2015;20:15:00;179,00;235;
16.11.2015;20:15:00;16.11.2015;20:30:00;183,00;238;
16.11.2015;20:30:00;16.11.2015;20:45:00;187,00;256;
16.11.2015;20:45:00;16.11.2015;21:00:00;191,00;253;
16.11.2015;21:00:00;16.11.2015;21:15:00;195,00;245;
16.11.2015;21:15:00;16.11.2015;21:30:00;201,00;228;
16.11.2015;21:30:00;16.11.2015;21:45:00;206,00;221;
16.11.2015;21:45:00;16.11.2015;22:00:00;211,00;223;
16.11.2015;22:00:00;16.11.2015;22:15:00;216,00;225;
16.11.2015;22:15:00;16.11.2015;22:30:00;221,00;228;
16.11.2015;22:30:00;16.11.2015;22:45:00;226,00;235;
16.11.2015;22:45:00;16.11.2015;23:00:00;231,00;233;
16.11.2015;23:00:00;16.11.2015;23:15:00;236,00;239;
16.11.2015;23:15:00;16.11.2015;23:30:00;241,00;238;
16.11.2015;23:30:00;16.11.2015;23:45:00;246,00;239;
16.11.2015;23:45:00;17.11.2015;00:00:00;252,00;240;
17.11.2015;00:00:00;17.11.2015;00:15:00;256,00;242;
17.11.2015;00:15:00;17.11.2015;00:30:00;257,00;245;
17.11.2015;00:30:00;17.11.2015;00:45:00;258,00;260;
17.11.2015;00:45:00;17.11.2015;01:00:00;260,00;266;
17.11.2015;01:00:00;17.11.2015;01:15:00;262,00;267;
17.11.2015;01:15:00;17.11.2015;01:30:00;264,00;287;
17.11.2015;01:30:00;17.11.2015;01:45:00;267,00;281;
17.11.2015;01:45:00;17.11.2015;02:00:00;270,00;248;
17.11.2015;02:00:00;17.11.2015;02:15:00;273,00;244;
17.11.2015;02:15:00;17.11.2015;02:30:00;276,00;263;
17.11.2015;02:30:00;17.11.2015;02:45:00;279,00;273;
17.11.2015;02:45:00;17.11.2015;03:00:00;282,00;253;
17.11.2015;03:00:00;17.11.2015;03:15:00;289,00;268;
17.11.2015;03:15:00;17.11.2015;03:30:00;299,00;273;
17.11.2015;03:30:00;17.11.2015;03:45:00;309,00;284;
17.11.2015;03:45:00;17.11.2015;04:00:00;319,00;293;
17.11.2015;04:00:00;17.11.2015;04:15:00;328,00;293;
17.11.2015;04:15:00;17.11.2015;04:30:00;337,00;302;
17.11.2015;04:30:00;17.11.2015;04:45:00;345,00;312;
17.11.2015;04:45:00;17.11.2015;05:00:00;353,00;316;
17.11.2015;05:00:00;17.11.2015;05:15:00;362,00;319;
17.11.2015;05:15:00;17.11.2015;05:30:00;372,00;315;
17.11.2015;05:30:00;17.11.2015;05:45:00;381,00;296;
17.11.2015;05:45:00;17.11.2015;06:00:00;391,00;305;
17.11.2015;06:00:00;17.11.2015;06:15:00;401,00;342;
17.11.2015;06:15:00;17.11.2015;06:30:00;412,00;335;
17.11.2015;06:30:00;17.11.2015;06:45:00;423,00;338;
17.11.2015;06:45:00;17.11.2015;07:00:00;434,00;381;
17.11.2015;07:00:00;17.11.2015;07:15:00;446,00;411;
17.11.2015;07:15:00;17.11.2015;07:30:00;459,00;439;
17.11.2015;07:30:00;17.11.2015;07:45:00;473,00;443;
17.11.2015;07:45:00;17.11.2015;08:00:00;486,00;447;
17.11.2015;08:00:00;17.11.2015;08:15:00;499,00;442;
17.11.2015;08:15:00;17.11.2015;08:30:00;510,00;433;
17.11.2015;08:30:00;17.11.2015;08:45:00;522,00;436;
17.11.2015;08:45:00;17.11.2015;09:00:00;533,00;418;
17.11.2015;09:00:00;17.11.2015;09:15:00;544,00;416;
17.11.2015;09:15:00;17.11.2015;09:30:00;554,00;422;
17.11.2015;09:30:00;17.11.2015;09:45:00;564,00;449;
17.11.2015;09:45:00;17.11.2015;10:00:00;574,00;445;
17.11.2015;10:00:00;17.11.2015;10:15:00;583,00;464;
17.11.2015;10:15:00;17.11.2015;10:30:00;591,00;485;
17.11.2015;10:30:00;17.11.2015;10:45:00;598,00;470;
17.11.2015;10:45:00;17.11.2015;11:00:00;606,00;472;
17.11.2015;11:00:00;17.11.2015;11:15:00;613,00;485;
17.11.2015;11:15:00;17.11.2015;11:30:00;618,00;487;
17.11.2015;11:30:00;17.11.2015;11:45:00;623,00;490;
17.11.2015;11:45:00;17.11.2015;12:00:00;628,00;486;
17.11.2015;12:00:00;17.11.2015;12:15:00;629,00;496;
17.11.2015;12:15:00;17.11.2015;12:30:00;628,00;478;
17.11.2015;12:30:00;17.11.2015;12:45:00;626,00;483;
17.11.2015;12:45:00;17.11.2015;13:00:00;624,00;476;
17.11.2015;13:00:00;17.11.2015;13:15:00;623,00;480;
17.11.2015;13:15:00;17.11.2015;13:30:00;622,00;493;
17.11.2015;13:30:00;17.11.2015;13:45:00;622,00;473;
17.11.2015;13:45:00;17.11.2015;14:00:00;621,00;472;
17.11.2015;14:00:00;17.11.2015;14:15:00;617,00;452;
17.11.2015;14:15:00;17.11.2015;14:30:00;611,00;468;
17.11.2015;14:30:00;17.11.2015;14:45:00;605,00;469;
17.11.2015;14:45:00;17.11.2015;15:00:00;599,00;515;
17.11.2015;15:00:00;17.11.2015;15:15:00;592,00;507;
17.11.2015;15:15:00;17.11.2015;15:30:00;585,00;517;
17.11.2015;15:30:00;17.11.2015;15:45:00;578,00;506;
17.11.2015;15:45:00;17.11.2015;16:00:00;571,00;494;
17.11.2015;16:00:00;17.11.2015;16:15:00;564,00;495;
17.11.2015;16:15:00;17.11.2015;16:30:00;557,00;495;
17.11.2015;16:30:00;17.11.2015;16:45:00;550,00;496;
17.11.2015;16:45:00;17.11.2015;17:00:00;544,00;502;
17.11.2015;17:00:00;17.11.2015;17:15:00;539,00;446;
17.11.2015;17:15:00;17.11.2015;17:30:00;537,00;509;
17.11.2015;17:30:00;17.11.2015;17:45:00;535,00;;
17.11.2015;17:45:00;17.11.2015;18:00:00;533,00;;
17.11.2015;18:00:00;17.11.2015;18:15:00;537,00;;
17.11.2015;18:15:00;17.11.2015;18:30:00;547,00;;
17.11.2015;18:30:00;17.11.2015;18:45:00;557,00;;
17.11.2015;18:45:00;17.11.2015;19:00:00;567,00;;
17.11.2015;19:00:00;17.11.2015;19:15:00;578,00;;
17.11.2015;19:15:00;17.11.2015;19:30:00;589,00;;
17.11.2015;19:30:00;17.11.2015;19:45:00;600,00;;
17.11.2015;19:45:00;17.11.2015;20:00:00;611,00;;
17.11.2015;20:00:00;17.11.2015;20:15:00;621,00;;
17.11.2015;20:15:00;17.11.2015;20:30:00;630,00;;
17.11.2015;20:30:00;17.11.2015;20:45:00;640,00;;
17.11.2015;20:45:00;17.11.2015;21:00:00;650,00;;
17.11.2015;21:00:00;17.11.2015;21:15:00;660,00;;
17.11.2015;21:15:00;17.11.2015;21:30:00;670,00;;
17.11.2015;21:30:00;17.11.2015;21:45:00;680,00;;
17.11.2015;21:45:00;17.11.2015;22:00:00;691,00;;
17.11.2015;22:00:00;17.11.2015;22:15:00;698,00;;
17.11.2015;22:15:00;17.11.2015;22:30:00;701,00;;
17.11.2015;22:30:00;17.11.2015;22:45:00;704,00;;
17.11.2015;22:45:00;17.11.2015;23:00:00;708,00;;
17.11.2015;23:00:00;17.11.2015;23:15:00;710,00;;
17.11.2015;23:15:00;17.11.2015;23:30:00;712,00;;
17.11.2015;23:30:00;17.11.2015;23:45:00;714,00;;
17.11.2015;23:45:00;18.11.2015;00:00:00;716,00;;
18.11.2015;00:00:00;18.11.2015;00:15:00;690,00;;
18.11.2015;00:15:00;18.11.2015;00:30:00;687,00;;
18.11.2015;00:30:00;18.11.2015;00:45:00;685,00;;
18.11.2015;00:45:00;18.11.2015;01:00:00;682,00;;
18.11.2015;01:00:00;18.11.2015;01:15:00;680,00;;
18.11.2015;01:15:00;18.11.2015;01:30:00;678,00;;
18.11.2015;01:30:00;18.11.2015;01:45:00;677,00;;
18.11.2015;01:45:00;18.11.2015;02:00:00;675,00;;
18.11.2015;02:00:00;18.11.2015;02:15:00;676,00;;
18.11.2015;02:15:00;18.11.2015;02:30:00;678,00;;
18.11.2015;02:30:00;18.11.2015;02:45:00;680,00;;
18.11.2015;02:45:00;18.11.2015;03:00:00;682,00;;
18.11.2015;03:00:00;18.11.2015;03:15:00;684,00;;
18.11.2015;03:15:00;18.11.2015;03:30:00;685,00;;
18.11.2015;03:30:00;18.11.2015;03:45:00;686,00;;
18.11.2015;03:45:00;18.11.2015;04:00:00;687,00;;
18.11.2015;04:00:00;18.11.2015;04:15:00;688,00;;
18.11.2015;04:15:00;18.11.2015;04:30:00;688,00;;
18.11.2015;04:30:00;18.11.2015;04:45:00;689,00;;
18.11.2015;04:45:00;18.11.2015;05:00:00;690,00;;
18.11.2015;05:00:00;18.11.2015;05:15:00;689,00;;
18.11.2015;05:15:00;18.11.2015;05:30:00;686,00;;
18.11.2015;05:30:00;18.11.2015;05:45:00;684,00;;
18.11.2015;05:45:00;18.11.2015;06:00:00;681,00;;
18.11.2015;06:00:00;18.11.2015;06:15:00;680,00;;
18.11.2015;06:15:00;18.11.2015;06:30:00;679,00;;
18.11.2015;06:30:00;18.11.2015;06:45:00;679,00;;
18.11.2015;06:45:00;18.11.2015;07:00:00;678,00;;
18.11.2015;07:00:00;18.11.2015;07:15:00;679,00;;
18.11.2015;07:15:00;18.11.2015;07:30:00;681,00;;
18.11.2015;07:30:00;18.11.2015;07:45:00;683,00;;
18.11.2015;07:45:00;18.11.2015;08:00:00;685,00;;
18.11.2015;08:00:00;18.11.2015;08:15:00;685,00;;
18.11.2015;08:15:00;18.11.2015;08:30:00;684,00;;
18.11.2015;08:30:00;18.11.2015;08:45:00;683,00;;
18.11.2015;08:45:00;18.11.2015;09:00:00;682,00;;
18.11.2015;09:00:00;18.11.2015;09:15:00;680,00;;
18.11.2015;09:15:00;18.11.2015;09:30:00;676,00;;
18.11.2015;09:30:00;18.11.2015;09:45:00;673,00;;
18.11.2015;09:45:00;18.11.2015;10:00:00;670,00;;
18.11.2015;10:00:00;18.11.2015;10:15:00;667,00;;
18.11.2015;10:15:00;18.11.2015;10:30:00;665,00;;
18.11.2015;10:30:00;18.11.2015;10:45:00;663,00;;
18.11.2015;10:45:00;18.11.2015;11:00:00;661,00;;
18.11.2015;11:00:00;18.11.2015;11:15:00;660,00;;
18.11.2015;11:15:00;18.11.2015;11:30:00;658,00;;
18.11.2015;11:30:00;18.11.2015;11:45:00;657,00;;
18.11.2015;11:45:00;18.11.2015;12:00:00;655,00;;
18.11.2015;12:00:00;18.11.2015;12:15:00;652,00;;
18.11.2015;12:15:00;18.11.2015;12:30:00;647,00;;
18.11.2015;12:30:00;18.11.2015;12:45:00;642,00;;
18.11.2015;12:45:00;18.11.2015;13:00:00;636,00;;
18.11.2015;13:00:00;18.11.2015;13:15:00;630,00;;
18.11.2015;13:15:00;18.11.2015;13:30:00;623,00;;
18.11.2015;13:30:00;18.11.2015;13:45:00;616,00;;
18.11.2015;13:45:00;18.11.2015;14:00:00;609,00;;
18.11.2015;14:00:00;18.11.2015;14:15:00;594,00;;
18.11.2015;14:15:00;18.11.2015;14:30:00;572,00;;
18.11.2015;14:30:00;18.11.2015;14:45:00;550,00;;
18.11.2015;14:45:00;18.11.2015;15:00:00;528,00;;
18.11.2015;15:00:00;18.11.2015;15:15:00;507,00;;
18.11.2015;15:15:00;18.11.2015;15:30:00;487,00;;
18.11.2015;15:30:00;18.11.2015;15:45:00;467,00;;
18.11.2015;15:45:00;18.11.2015;16:00:00;447,00;;
18.11.2015;16:00:00;18.11.2015;16:15:00;432,00;;
18.11.2015;16:15:00;18.11.2015;16:30:00;422,00;;
18.11.2015;16:30:00;18.11.2015;16:45:00;412,00;;
18.11.2015;16:45:00;18.11.2015;17:00:00;402,00;;
18.11.2015;17:00:00;18.11.2015;17:15:00;394,00;;
18.11.2015;17:15:00;18.11.2015;17:30:00;387,00;;
18.11.2015;17:30:00;18.11.2015;17:45:00;380,00;;
18.11.2015;17:45:00;18.11.2015;18:00:00;373,00;;
18.11.2015;18:00:00;18.11.2015;18:15:00;372,00;;
18.11.2015;18:15:00;18.11.2015;18:30:00;377,00;;
18.11.2015;18:30:00;18.11.2015;18:45:00;381,00;;
18.11.2015;18:45:00;18.11.2015;19:00:00;386,00;;
18.11.2015;19:00:00;18.11.2015;19:15:00;391,00;;
18.11.2015;19:15:00;18.11.2015;19:30:00;396,00;;
18.11.2015;19:30:00;18.11.2015;19:45:00;401,00;;
18.11.2015;19:45:00;18.11.2015;20:00:00;406,00;;
18.11.2015;20:00:00;18.11.2015;20:15:00;413,00;;
18.11.2015;20:15:00;18.11.2015;20:30:00;421,00;;
18.11.2015;20:30:00;18.11.2015;20:45:00;429,00;;
18.11.2015;20:45:00;18.11.2015;21:00:00;436,00;;
18.11.2015;21:00:00;18.11.2015;21:15:00;447,00;;
18.11.2015;21:15:00;18.11.2015;21:30:00;460,00;;
18.11.2015;21:30:00;18.11.2015;21:45:00;474,00;;
18.11.2015;21:45:00;18.11.2015;22:00:00;487,00;;
18.11.2015;22:00:00;18.11.2015;22:15:00;498,00;;
18.11.2015;22:15:00;18.11.2015;22:30:00;507,00;;
18.11.2015;22:30:00;18.11.2015;22:45:00;516,00;;
18.11.2015;22:45:00;18.11.2015;23:00:00;525,00;;
18.11.2015;23:00:00;18.11.2015;23:15:00;533,00;;
18.11.2015;23:15:00;18.11.2015;23:30:00;542,00;;
18.11.2015;23:30:00;18.11.2015;23:45:00;550,00;;
18.11.2015;23:45:00;19.11.2015;00:00:00;558,00;;
